Company_Name,Sector_classification,Environment_Score,Social Score,Governance_Score,ESG_Rating,Category,Total_Employees
360 One Wam Limited,Financial Services (capital markets),60,57,74,Crisil ESG 65,Strong,1200
3M India Limited,Diversified,48,60,73,Crisil ESG 61,Strong,1200
Aadhar Housing Finance Limited,NBFC,47,48,68,Crisil ESG 56,Adequate,8500
Aarti Drugs Limited,Pharmaceuticals,37,54,62,Crisil ESG 52,Adequate,2766
Aarti Industries Limited,Specialty Chemicals,38,59,64,Crisil ESG 54,Adequate,6211
AAVAS Financiers Limited,NBFC,54,62,72,Crisil ESG 63,Strong,8545
ABB India Limited,Heavy Electrical Equipment,51,57,68,Crisil ESG 60,Adequate,10000
ABB India Limited,Heavy Electrical Equipment,59,54,67,Crisil ESG 61,Strong,10000
ABB India Limited,Heavy Electrical Equipment,59,54,69,Crisil ESG 62,Strong,10000
Abbott India Limited,Pharmaceuticals,49,51,67,Crisil ESG 57,Adequate,14000
ACC Limited,Cement,45,55,59,Crisil ESG 53,Adequate,3884
Accelya Solutions India Limited,IT,40,62,75,Crisil ESG 60,Adequate,1300
Action Construction Equipment Limited,Construction Vehicles,38,40,67,Crisil ESG 50,Below Average,2700
Adani Energy Solutions Limited,Power T&D,55,66,64,Crisil ESG 61,Strong,4959
Adani Enterprises Limited,Diversified,36,56,57,Crisil ESG 50,Below Average,6945
Adani Green Energy Limited,"Power Renewable (Solar, Wind)",67,66,64,Crisil ESG 66,Strong,3324
Adani Ports & Special Economic Zone Limited,Ports & Port Services,47,63,61,Crisil ESG 57,Adequate,
Adani Power Limited,Power- Thermal (Integrated Power Utilities),40,56,66,Crisil ESG 54,Adequate,3315
Adani Total Gas Limited,Oil & Gas - Gas,54,56,64,Crisil ESG 59,Adequate,
Adani Wilmar Limited,FMCG,39,53,66,Crisil ESG 54,Adequate,2678
ADF Foods Limited,FMCG,35,46,63,Crisil ESG 49,Below Average,329
Aditya Birla Capital Limited,Investment Company,53,51,71,Crisil ESG 60,Adequate,54900
Aditya Birla Fashion & Retail Limited,Speciality Retail,56,60,70,Crisil ESG 62,Strong,
Aditya Birla Housing Finance Limited,NBFC,47,44,68,Crisil ESG 55,Adequate,59000
Aditya Birla Real Estate Limited,Paper,48,64,70,Crisil ESG 61,Strong,1180
Aditya Birla Sun Life AMC Limited,Financial Services (Capital Market),60,49,69,Crisil ESG 61,Strong,33500
Ador Welding Limited,Industrial,43,51,69,Crisil ESG 56,Adequate,850
Advanced Enzyme Technologies Limited,Pharmaceuticals and Biotechnology,35,54,67,Crisil ESG 53,Adequate,635
Aegis Logistics Limited,Logistics,31,34,68,Crisil ESG 47,Below Average,368
Aether Industries Limited,Specialty Chemicals,32,39,65,Crisil ESG 47,Below Average,970
Affle (India) Limited,Information Technology,36,49,72,Crisil ESG 54,Adequate,644
AGI Greenpac Limited,Industrial products (Packaging),33,58,64,Crisil ESG 51,Adequate,1416
AGS Transact Technologies Limited,Information Technology,43,51,34,Crisil ESG 41,Adequate,9300
Ahluwalia Contracts India Limited,Civil Construction ,26,52,63,Crisil ESG 47,Below Average,
AIA Engineering Limited,Castings & Forgings,41,55,65,Crisil ESG 54,Adequate,1300
Ajanta Pharma Limited,Pharmaceuticals,50,56,66,Crisil ESG 58,Adequate,7844
Akzo Nobel India Limited,Paints,54,56,70,Crisil ESG 61,Strong,1533
Alembic Limited,Real Estate,27,48,72,Crisil ESG 50,Below Average,319000
Alembic Pharmaceuticals Limited,Pharmaceuticals,44,53,66,Crisil ESG 55,Adequate,14858
Alicon Castalloy Limited,Auto Components & Equipments,40,53,66,Crisil ESG 54,Adequate,1563
Alivus Life Sciences Limited,Pharmaceuticals,42,61,70,Crisil ESG 58,Adequate,
Alkem Laboratories Limited,Pharmaceuticals,51,49,68,Crisil ESG 57,Adequate,21000
Alkyl Amines Chemicals Limited,Specialty Chemicals,36,49,60,Crisil ESG 49,Below Average,501
Allcargo Gati Limited,Logistics,32,39,64,Crisil ESG 46,Below Average,537
Allcargo Logistics Limited,Logistics,34,37,63,Crisil ESG 46,Below Average,4500
Alok Industries Limited,Textiles,28,58,58,Crisil ESG 47,Below Average,22500
Amara Raja Energy & Mobility Limited,Auto components and equipments (Batteries),45,59,68,Crisil ESG 58,Adequate,21814
Amber Enterprises India Limited,Household appliances,39,51,64,Crisil ESG 52,Adequate,13767
Ambuja Cements Limited,Cement,43,54,56,Crisil ESG 51,Adequate,4330
Ami Organics Limited,Pharmaceuticals,41,57,65,Crisil ESG 55,Adequate,353
Amrutanjan Health Care Limited,FMCG,41,51,68,Crisil ESG 54,Adequate,635
Anand Rathi Wealth Limited,Financial Services (capital markets),47,56,71,Crisil ESG 59,Adequate,1012
Anant Raj Industries Limited,Real Estate,30,49,67,Crisil ESG 50,Below Average,
Andhra Paper Limited,Paper,29,51,65,Crisil ESG 49,Below Average,4835
Angel One Limited,Financial Services (Capital Market),51,60,69,Crisil ESG 61,Strong,2974
Antony Waste Handling Cell Limited,Water and Waste Management,35,46,67,Crisil ESG 51,Adequate,1218
Anupam Rasayan India Limited,Specialty Chemicals,41,51,69,Crisil ESG 55,Adequate,2000
Apar Industries Limited,Other Electrical Equipment,53,53,67,Crisil ESG 59,Adequate,2045
Apcotex Industries Limited,Rubber (Specialty Chemicals),39,49,70,Crisil ESG 54,Adequate,853
Apex Frozen Foods Limited,FMCG,36,50,66,Crisil ESG 52,Adequate,2917
APL Apollo Tubes Limited,Metals Linked products (Iron & Steel Products),48,58,70,Crisil ESG 59,Adequate,7000
Apollo Hospitals Enterprise Limited,Hospital,47,67,69,Crisil ESG 61,Strong,83147
Apollo Pipes Limited,Plastic Products – Industrial (Pipes) ,40,45,66,Crisil ESG 52,Adequate,376
Apollo Tyres Limited,Tyre,47,59,66,Crisil ESG 58,Adequate,17985
Aptus Value Housing Finance India Limited,NBFC,50,57,68,Crisil ESG 59,Adequate,3200
Archean Chemical Industries Limited,Chemicals,24,55,65,Crisil ESG 48,Below Average,285
Arvind Fashions Limited,Speciality Retail,44,58,66,Crisil ESG 56,Adequate,1240
Arvind Limited,Textiles,46,57,70,Crisil ESG 58,Adequate,42000
Arvind Smartspaces Limited,Real Estate,32,45,68,Crisil ESG 50,Below Average,289
Asahi India Glass Limited,Auto Components & Equipments,43,58,62,Crisil ESG 54,Adequate,2567
Ashiana Housing Limited,Real Estate,26,46,63,Crisil ESG 46,Below Average,5000
Ashok Leyland Limited,Auto OEM,47,60,66,Crisil ESG 58,Adequate,9603
Ashoka Buildcon Limited,Civil Construction ,27,56,63,Crisil ESG 49,Below Average,2340
Asian Paints Limited,Paints,58,60,77,Crisil ESG 66,Strong,9482
Asian Star Company Limited,"Consumer Durables - Gems, Jewellery And Watches",39,52,63,Crisil ESG 52,Adequate,1900
Astec Lifesciences Limited,Pesticides & Agrochemicals,38,53,65,Crisil ESG 53,Adequate,501
Aster DM Healthcare Limited,Hospital,44,63,66,Crisil ESG 57,Adequate,19675
Astra Microwave Products Limited,Aerospace & Defense,42,56,70,Crisil ESG 57,Adequate,2000
Astral Limited,Plastic Products – Industrial (Pipes) ,42,49,66,Crisil ESG 54,Adequate,8500
Astrazeneca Pharma India Limited,Pharmaceuticals,53,50,67,Crisil ESG 58,Adequate,900
Atul Limited,Specialty Chemicals,28,49,63,Crisil ESG 47,Below Average,3985
AU Small Finance Bank Limited,Banks,56,65,80,Crisil ESG 68,Strong,29835
Aurobindo Pharma Limited,Pharmaceuticals,50,52,67,Crisil ESG 57,Adequate,37000
Automotive Axles Limited,Auto Components & Equipments,52,60,70,Crisil ESG 61,Strong,1700
Avadh Sugar & Energy Limited,Sugar,44,57,67,Crisil ESG 56,Adequate,1200
Avalon Technologies Limited,Other Electrical Equipment,32,47,60,Crisil ESG 47,Below Average,1900
Avanti Feeds Limited,FMCG,40,48,68,Crisil ESG 53,Adequate,2800
Avenue Supermarts Limited,Retailing (Diversified Retail),50,65,69,Crisil ESG 61,Strong,73932
Axis Bank Limited,Banks,65,58,77,Crisil ESG 68,Strong,104633
Axis Finance Limited,NBFC,49,42,66,Crisil ESG 54,Below Average,1370
Bahadur Chand Investments Private Limited,Holding company,47,56,44,Crisil ESG 48,Below Average,
Bajaj Auto Limited,Auto OEM,52,61,67,Crisil ESG 60,Adequate,8826
Bajaj Consumer Care Limited,FMCG,51,56,70,Crisil ESG 60,Adequate,909
Bajaj Electricals Limited,Consumer Durables - Household Appliances,49,60,65,Crisil ESG 59,Adequate,1958
Bajaj Finance Limited,NBFC,59,63,73,Crisil ESG 65,Strong,53782
Bajaj Finserv Limited,Holding company,57,67,67,Crisil ESG 64,Strong,105
Bajaj Hindusthan Sugar Limited,Sugar,41,59,64,Crisil ESG 55,Adequate,7374
Bajaj Holdings & Investment Limited,Holding company,46,53,71,Crisil ESG 58,Adequate,19
Bajaj Housing Finance Limited,NBFC,50,53,68,Crisil ESG 58,Adequate,2120
Balaji Amines Limited,Specialty Chemicals,29,46,60,Crisil ESG 46,Below Average,1120
Balkrishna Industries Limited,Tyre,42,60,69,Crisil ESG 57,Adequate,8400
Balrampur Chini Mills Limited,Sugar,47,59,69,Crisil ESG 59,Adequate,6270
Banco Products (I) Limited,Auto Components & Equipments,27,45,65,Crisil ESG 47,Below Average,3155
Bandhan Bank Limited,Banks,57,66,73,Crisil ESG 66,Strong,78400
Bank of Baroda,Banks,58,65,55,Crisil ESG 59,Adequate,74227
Bank of Baroda,Banks,59,67,56,Crisil ESG 60,Adequate,74227
Bank of India,Banks,56,63,67,Crisil ESG 62,Strong,50944
Bank of Maharashtra,Banks,57,58,58,Crisil ESG 57,Adequate,13499
Bannari Amman Sugars Limited,Sugar,39,56,64,Crisil ESG 53,Adequate,1917
Barbeque-Nation Hospitality Limited,Restaurants,31,48,67,Crisil ESG 50,Below Average,
BASF India Limited,Specialty Chemicals,41,52,63,Crisil ESG 53,Adequate,2335
Bata India Limited,Consumer Durables - Footwear,42,57,72,Crisil ESG 58,Adequate,5195
Bayer Cropscience Limited,Pesticides & Agrochemicals,47,54,70,Crisil ESG 58,Adequate,99723
BEML Limited,Construction Vehicles,35,64,60,Crisil ESG 52,Adequate,6973
BEML Limited,Construction Vehicles,40,61,59,Crisil ESG 53,Adequate,6973
Bengal & Assam Company Limited,Investment Company,40,49,64,Crisil ESG 52,Adequate,
Berger Paints India Limited,Paints,45,46,67,Crisil ESG 54,Adequate,4400
BF Utilities Limited,Road Assets - Toll Annuity Hybrid-Annuity,20,21,67,Crisil ESG 39,Weak,
Bhansali Engineering Polymers Limited,Specialty Chemicals,31,53,62,Crisil ESG 49,Below Average,478
Bharat Bijlee Limited,Other Electrical Equipment,49,54,61,Crisil ESG 55,Adequate,1147
Bharat Dynamics Limited,Aerospace & Defense,38,58,54,Crisil ESG 49,Below Average,2560
Bharat Dynamics Limited,Aerospace & Defense,38,61,50,Crisil ESG 49,Below Average,2560
Bharat Electronics Limited,Aerospace & Defense,44,54,48,Crisil ESG 48,Below average,8937
Bharat Electronics Limited,Aerospace & Defense,43,61,56,Crisil ESG 53,Adequate,8937
Bharat Forge Limited,Auto Components & Equipments,44,53,67,Crisil ESG 56,Adequate,4114
Bharat Heavy Electricals Limited,Heavy Electrical Equipment,45,63,58,Crisil ESG 55,Adequate,29826
Bharat Petroleum Corporation Limited,Oil & Gas - Refining & Marketing,41,56,56,Crisil ESG 51,Adequate,8506
Bharat Sanchar Nigam Limited,Telecom,28,35,61,Crisil ESG 43,Below Average,60104
Bharti Airtel Limited,Telecom - Cellular & Fixed line services,52,49,66,Crisil ESG 57,Adequate,86900
Bharti Telecom Limited,Holding company,56,53,52,Crisil ESG 54,Adequate,23630
Bikaji Foods International Limited,FMCG,40,52,68,Crisil ESG 54,Adequate,2794
Biocon Limited,Pharmaceuticals,54,59,73,Crisil ESG 63,Strong,16500
Birla Corporation Limited,Cement,34,46,62,Crisil ESG 48,Below Average,18700
Birla Group Holdings Private Limited,Holding company,39,49,28,Crisil ESG 37,Weak,35000
Birlasoft Limited,IT,47,47,69,Crisil ESG 56,Adequate,12500
Black Box Limited,IT,40,60,66,Crisil ESG 55,Adequate,3600
Bliss GVS Pharma Limited,Pharmaceuticals,43,46,71,Crisil ESG 55,Adequate,831
Blue Dart Express Limited,Logistics,38,52,74,Crisil ESG 56,Adequate,11000
Blue Star Limited,Consumer Durables - Household Appliances,47,61,63,Crisil ESG 57,Adequate,2800
Bodal Chemicals Limited,Chemicals (Dyes & Pigments),27,47,64,Crisil ESG 47,Below Average,1001
Bombay Burmah Trading Corporation Limited,Packaged foods - Holding company,47,52,61,Crisil ESG 54,Adequate,4303
Bombay Dyeing & Manufacturing Company Limited,Textiles,31,56,62,Crisil ESG 50,Below Average,
Borosil Limited,Consumer Durables - Glassware,38,56,67,Crisil ESG 54,Adequate,1132
Borosil Renewables Limited,Glass - Industrial,33,50,67,Crisil ESG 51,Adequate,442
Bosch Limited,Auto Components & Equipments,52,69,64,Crisil ESG 61,Strong,38700
Brigade Enterprises Limited,Real Estate,44,56,71,Crisil ESG 58,Adequate,977
Britannia Industries Limited,FMCG,50,59,71,Crisil ESG 61,Strong,9103
Brookfield India Real Estate Trust,REIT,35,21,58,Crisil ESG 41,Below average,240000
BSE Limited,Financial Services (capital markets),49,48,77,Crisil ESG 60,Adequate,1782
Butterfly Gandhimathi Appliances Limited,Consumer Durables - Household Appliances,37,58,71,Crisil ESG 56,Adequate,1220
C.E. Info Systems Limited,IT,41,61,68,Crisil ESG 57,Adequate,412
Camlin Fine Sciences Limited,Specialty Chemicals,21,30,64,Crisil ESG 40,Weak,636
Campus Activewear Limited,Consumer Durables - Footwear,38,56,69,Crisil ESG 55,Adequate,1400
Can Fin Homes Limited,NBFC,52,60,71,Crisil ESG 62,Strong,1149
Canara Bank,Banks,56,67,69,Crisil ESG 64,Strong,82519
Cantabil Retail India Limited,Garments & Apparels,36,55,67,Crisil ESG 53,Adequate,3800
Capacit'e Infraprojects Limited,Civil Construction ,26,53,65,Crisil ESG 49,Below average,1805
Caplin Point Laboratories Limited,Pharmaceuticals,33,49,69,Crisil ESG 51,Adequate,4882
Capri Global Capital Limited,NBFC,53,56,73,Crisil ESG 62,Strong,9750
Carborundum Universal Limited,Industrial products,35,39,66,Crisil ESG 48,Below Average,5500
Cartrade Tech Limited,E-Retail/ E-Commerce,39,45,69,Crisil ESG 52,Adequate,1001
Carysil Limited,Consumer,29,47,69,Crisil ESG 49,Below Average,
,durables - household appliances,,,,,,
Castrol India Limited,Lubricants,52,62,67,Crisil ESG 61,Strong,7000
CCL Products (India) Limited,FMCG,32,49,71,Crisil ESG 52,Adequate,551
Ceat Limited,Tyre,51,64,65,Crisil ESG 60,Adequate,8000
Central Bank Of India,Banks,58,66,62,Crisil ESG 62,Strong,30770
Central Depository Services (India) Limited,Financial Services (capital markets),43,52,77,Crisil ESG 59,Adequate,446
Centum Electronics Limited,Industrial products,39,40,66,Crisil ESG 50,Below Average,2300
Century Enka Limited,Textiles,39,58,73,Crisil ESG 57,Adequate,1720
Century Plyboards (India) Limited,Plywood Board,35,48,64,Crisil ESG 50,Below Average,10700
Cera Sanitaryware Limited,Sanitary ware and Ceramics,41,62,68,Crisil ESG 57,Adequate,2510
CESC Limited,Power Thermal,31,55,67,Crisil ESG 51,Adequate,45000
CG Power and Industrial Solutions Limited,Heavy Electrical Equipment,51,54,69,Crisil ESG 59,Adequate,3113
Chalet Hotels Limited,Hotels,58,59,66,Crisil ESG 62,Strong,500
Chambal Fertilizers & Chemicals Limited,Fertilizers,35,51,70,Crisil ESG 53,Adequate,10000
Chemcon Speciality Chemicals Limited,Specialty Chemicals,29,28,60,Crisil ESG 41,Below Average,101
Chemplast Sanmar Limited,Commodity Chemicals,36,43,64,Crisil ESG 49,Below average,1482
Chennai Petroleum Corporation Limited,Oil & Gas - Refining & Marketing,46,45,52,Crisil ESG 48,Below Average,1684
Cholamandalam Financial Holdings Limited,Investment Company,54,63,66,Crisil ESG 61,Strong,83000
Cholamandalam Investment & Finance Company Limited,NBFC,56,64,70,Crisil ESG 63,Strong,
CIE Automotive India Limited,Auto Components & Equipments,35,42,70,Crisil ESG 51,Adequate,25294
Cipla Limited,Pharmaceuticals,59,54,75,Crisil ESG 64,Strong,27764
City Union Bank Limited,Banks,58,60,78,Crisil ESG 66,Strong,7188
Clean Science & Technology Limited,Specialty Chemicals,33,50,65,Crisil ESG 50,Below Average,
Cms Info Systems Limited,Diversified Commercial Services,32,57,69,Crisil ESG 53,Adequate,4392
Coal India Limited,Mining (coal),37,60,54,Crisil ESG 49,Below Average,228861
Cochin Shipyard Limited,Shipbuilding & Allied Services,37,60,53,Crisil ESG 49,Below Average,5500
Cochin Shipyard Limited,Shipbuilding & Allied Services,34,63,49,Crisil ESG 47,Below Average,5500
Coforge Limited,IT,63,59,71,Crisil ESG 65,Strong,24607
Colgate - Palmolive India Limited,FMCG,52,57,73,Crisil ESG 62,Strong,
Computer Age Management Services Limited,Financial Services (capital markets),53,62,74,Crisil ESG 64,Strong,7000
Confidence Petroleum India Limited,Oil & Gas - Gas,28,48,58,Crisil ESG 45,Below Average,1001
Container Corporation of India Limited,Logistics,34,48,60,Crisil ESG 48,Below Average,1297
Coromandel International Limited,Fertilizers,44,51,67,Crisil ESG 55,Adequate,83500
Craftsman Automation Limited,Auto Components & Equipments,30,49,70,Crisil ESG 51,Adequate,2400
Credila Financial Services Limited,NBFC,51,41,67,Crisil ESG 55,Adequate,
CreditAccess Grameen Limited,NBFC,58,67,71,Crisil ESG 66,Strong,19333
Crompton Greaves Consumer Electricals Limited,Consumer Durables - Household Appliances,40,53,72,Crisil ESG 56,Adequate,3576
CSB Bank Limited,Banks,58,58,75,Crisil ESG 65,Strong,6800
Cummins India Limited,"Compressors, Pumps & Diesel Engines",48,54,71,Crisil ESG 59,Adequate,10000
Cyient Limited,IT,53,43,72,Crisil ESG 58,Adequate,12770
D.B. Corp Limited,Media Entertainment & Publication,42,54,63,Crisil ESG 53,Adequate,
Dabur India Limited,FMCG,47,51,67,Crisil ESG 56,Adequate,7727
Dalmia Bharat Limited,Cement,52,51,62,Crisil ESG 56,Adequate,5945
Dalmia Bharat Sugar & Industries Limited,Sugar,53,64,68,Crisil ESG 62,Strong,
Data Patterns (India) Limited,Aerospace & Defense,40,53,67,Crisil ESG 54,Adequate,1345
Datamatics Global Services Limited,IT,43,43,67,Crisil ESG 52,Adequate,5000
DCB Bank Limited,Banks,63,55,71,Crisil ESG 64,Strong,11268
DCM Shriram Limited,Diversified,43,62,68,Crisil ESG 58,Adequate,5500
Deepak Fertilizers & Petrochemicals Corporation Limited,Commodity Chemicals,16,23,65,Crisil ESG 37,Weak,
Deepak Nitrite Limited,Specialty Chemicals,37,40,67,Crisil ESG 50,Below Average,1001
Delhivery Limited,Logistics,35,48,71,Crisil ESG 53,Adequate,5700
Delta Corp Limited,Hotels,45,48,67,Crisil ESG 55,Adequate,2100
DEN Networks Limited,Media Entertainment & Publication,43,53,62,Crisil ESG 53,Adequate,1375
Devyani International Limited,Restaurants,36,58,69,Crisil ESG 54,Adequate,16370
Dhampur Sugar Mills Limited,Sugar,48,52,63,Crisil ESG 55,Adequate,1602
Dhani Services Limited,Financial Services (Capital Market),46,40,58,Crisil ESG 49,Below Average,10001
Dhanuka Agritech Limited,Pesticides & Agrochemicals,32,54,62,Crisil ESG 49,Below Average,1001
Dilip Buildcon Limited,Civil Construction ,32,54,62,Crisil ESG 50,Below Average,26743
Disa India Limited,Industrial products,43,52,64,Crisil ESG 54,Adequate,2000
Dish TV India Limited,Media Entertainment & Publication,31,33,40,Crisil ESG 35,Weak,4859
Dishman Carbogen Amcis Limited,Pharmaceuticals,25,33,67,Crisil ESG 44,Below Average,1100
Divi's Laboratories Limited,Pharmaceuticals,43,62,71,Crisil ESG 59,Adequate,17000
Dixon Technologies (India) Limited,Consumer Electronics,31,40,68,Crisil ESG 48,Below average,15000
DLF Limited,Real Estate,44,57,68,Crisil ESG 57,Adequate,2507
Dodla Dairy Limited,FMCG,42,43,69,Crisil ESG 53,Adequate,2897
Dr. Lal Pathlabs Limited,Healthcare Service Provider,44,54,72,Crisil ESG 58,Adequate,
Dr. Reddy's Laboratories Limited,Pharmaceuticals,58,58,78,Crisil ESG 66,Strong,21757
Dwarikesh Sugar Industries Limited,Sugar,43,59,66,Crisil ESG 56,Adequate,784
Dynamatic Technologies Limited,Industrial Products (Auto Components & Equipments),35,37,70,Crisil ESG 49,Below Average,824
Easy Trip Planners Limited,"Tour, Travel Related Services",46,61,68,Crisil ESG 59,Adequate,1126
Eclerx Services Limited,IT,66,64,76,Crisil ESG 70,Strong,17000
Edelweiss Financial Services Limited,Holding,41,33,55,Crisil ESG 45,Below Average,10726
Edelweiss Rural & Corporate Services Limited,Financial Services (capital markets),34,26,50,Crisil ESG 38,Weak,1400
Eicher Motors Limited,Auto OEM,48,57,67,Crisil ESG 58,Adequate,5249
EID-Parry (India) Limited,Fertilizers (Holding Company),43,54,72,Crisil ESG 57,Adequate,
EIH Limited,Hotels,43,49,62,Crisil ESG 52,Adequate,13000
Elantas Beck India Limited,Specialty Chemicals,35,48,65,Crisil ESG 50,Below Average,6200
Elecon Engineering Company Limited,Industrial manufacturing,40,35,63,Crisil ESG 48,Below Average,687
Electrosteel Castings Limited,Metals Ferrous (Iron & Steel Products),28,56,67,Crisil ESG 51,Adequate,1001
Elgi Equipments Limited,"Compressors, Pumps & Diesel Engines",39,45,65,Crisil ESG 51,Adequate,2162
Emami Limited,FMCG,46,56,63,Crisil ESG 55,Adequate,3250
Emami Paper Mills Limited,Paper,38,52,65,Crisil ESG 52,Adequate,1121
Embassy Office Parks Reit,REIT,46,47,55,Crisil ESG 50,Below Average,176
Embassy Office Parks Reit,REIT,47,53,57,Crisil ESG 53,Adequate,176
Emudhra Limited,IT,42,52,70,Crisil ESG 56,Adequate,780
Endurance Technologies Limited,Auto Components & Equipments,41,50,72,Crisil ESG 56,Adequate,4806
Engineers India Limited,Construction EPC,36,58,49,Crisil ESG 47,Below Average,2814
Engineers India Limited,Civil Construction,38,57,52,Crisil ESG 48,Below Average,2814
Entertainment Network (India) Limited,Media Entertainment & Publication,40,57,72,Crisil ESG 57,Adequate,800
EPIGRAL Limited,Commodity Chemicals,27,54,72,Crisil ESG 52,Adequate,970
EPL Limited,Packaging,51,46,65,Crisil ESG 55,Adequate,5300
Embassy Developments Limited,Real Estate,24,43,70,Crisil ESG 47,Below Average,
Equitas Small Finance Bank Limited,Banks,50,63,78,Crisil ESG 65,Strong,21679
ERIS Lifesciences Limited,Pharmaceuticals,43,48,59,Crisil ESG 51,Adequate,6500
Esab India Limited,Other Industrial Products,39,56,65,Crisil ESG 54,Adequate,575
Escorts Kubota Limited,Auto OEM,41,53,59,Crisil ESG 51,Adequate,14510
Eureka Forbes Limited,Consumer Durables - Household Appliances,40,56,69,Crisil ESG 56,Adequate,9287
Eveready Industries India Limited,Household products (Batteries),39,45,60,Crisil ESG 49,Below Average,3000
Everest Industries Limited,Other Construction Material,31,55,74,Crisil ESG 54,Adequate,1400
Everest Kanto Cylinder Limited,Industrial products,31,44,68,Crisil ESG 49,Below Average,651
Excel Industries Limited,Specialty Chemicals,35,50,61,Crisil ESG 49,Below Average,500
Exide Industries Limited,Auto components and equipments (Batteries),45,57,73,Crisil ESG 59,Adequate,6542
EXIM Bank,Financial Institution,62,47,43,Crisil ESG 51,Adequate,701
Expleo Solutions Limited,IT,49,59,70,Crisil ESG 60,Adequate,4512
FDC Limited,Pharmaceuticals,44,53,72,Crisil ESG 58,Adequate,6000
Federal-Mogul Goetze India Limited,Auto Components & Equipments,32,59,70,Crisil ESG 54,Adequate,
Fertilisers And Chemicals Travancore Limited,Fertilizers,32,49,56,Crisil ESG 46,Below Average,
Fiem Industries Limited,Auto Components & Equipments,38,53,67,Crisil ESG 53,Adequate,6500
Fine Organic Industries Limited,Specialty Chemicals,39,58,67,Crisil ESG 55,Adequate,850
Fineotex Chemical Limited,Specialty Chemicals,24,48,67,Crisil ESG 47,Below Average,350
FINO Payments Bank Limited,Financial Services (capital markets),36,55,74,Crisil ESG 56,Adequate,2682
Finolex Cables Limited,Cables- Electricials,37,50,64,Crisil ESG 51,Adequate,2052
Finolex Industries Limited,Plastic Products – Industrial (Pipes) ,40,60,66,Crisil ESG 55,Adequate,1907
Firstsource Solutions Limited,IT,63,65,69,Crisil ESG 66,Strong,27940
Five-Star Business Finance Limited,NBFC,52,58,67,Crisil ESG 60,Adequate,9327
Food Corporation of India,Trading – Other Food Products.,26,29,41,Crisil ESG 32,Weak,47912
Force Motors Limited,Auto OEM,41,55,62,Crisil ESG 53,Adequate,10000
Fortis Healthcare Limited,Hospital,41,57,69,Crisil ESG 56,Adequate,23000
FSN E-Commerce Ventures Limited,E-Retail/ E-Commerce,50,47,69,Crisil ESG 57,Adequate,1669
Fusion Finance Limited,NBFC,54,64,68,Crisil ESG 62,Strong,10000
G R Infraprojects Limited,Civil Construction ,33,57,68,Crisil ESG 53,Adequate,16157
Gabriel India Limited,Auto Components & Equipments,50,62,69,Crisil ESG 61,Strong,4400
Gail India Limited,Oil & Gas - Gas,48,65,49,Crisil ESG 53,Adequate,
Gail India Limited,Oil and Gas - gas,54,58,50,Crisil ESG 54,Adequate,
Galaxy Surfactants Limited,Specialty Chemicals,49,52,69,Crisil ESG 58,Adequate,1762
Gallantt Ispat Limited,Metals - Ferrous,23,56,64,Crisil ESG 47,Below Average,3130
Ganesh Housing Corporation Limited,Real Estate,25,41,66,Crisil ESG 45,Below Average,112
Ganesha Ecosphere Limited,Textiles,31,55,64,Crisil ESG 50,Below Average,2380
Garden Reach Shipbuilders and Engineers Limited,Aerospace & Defense,39,54,60,Crisil ESG 51,Adequate,
Garware Hi-Tech Films Limited,Industrial Products-Plastic & Packaging,38,57,69,Crisil ESG 55,Adequate,885
Garware Technical Fibres Limited,Textiles,41,57,64,Crisil ESG 54,Adequate,1110
Gateway Distriparks Limited,Logistics,35,46,65,Crisil ESG 50,Below Average,487
GE Power India Limited,Heavy Electrical Equipment,50,54,62,Crisil ESG 56,Adequate,1700
GE Vernova T&D India Limited,Heavy Electrical Equipment,47,47,68,Crisil ESG 55,Adequate,1697
General Insurance Corporation of India,Insurance,35,68,61,Crisil ESG 54,Adequate,449
General Insurance Corporation of India,Insurance,35,68,55,Crisil ESG 52,Adequate,449
Genesys International Corporation Limited,IT,37,63,69,Crisil ESG 56,Adequate,2000
Genus Power Infrastructures Limited,Other Electrical Equipment,50,58,63,Crisil ESG 57,Adequate,1600
Geojit Financial Services Limited,Financial Services (Capital Market),53,55,70,Crisil ESG 60,Adequate,2904
GFL Limited,Holding company,45,46,62,Crisil ESG 52,Adequate,20000
GHCL Limited,Commodity Chemicals,26,50,72,Crisil ESG 50,Below average,1315
GIC Housing Finance Limited,NBFC,47,57,64,Crisil ESG 56,Adequate,335
Gillette India Limited,FMCG,47,55,65,Crisil ESG 56,Adequate,285
Gland Pharma Limited,Pharmaceuticals,40,50,71,Crisil ESG 55,Adequate,4217
Glaxo Smithkline Pharmaceuticals Limited,Pharmaceuticals,54,55,70,Crisil ESG 61,Strong,3500
Glenmark Pharmaceuticals Limited,Pharmaceuticals,55,56,63,Crisil ESG 59,Adequate,14989
Global Health Limited,Hospital,41,58,68,Crisil ESG 56,Adequate,1300
Globus Spirits Limited,FMCG,39,38,71,Crisil ESG 52,Adequate,1700
GMM Pfaudler Limited,Industrial,34,37,74,Crisil ESG 51,Adequate,2000
GNA Axles Limited,Auto Components & Equipments,29,54,65,Crisil ESG 50,Below Average,1500
Go Fashion (India) Limited,Speciality Retail,34,60,66,Crisil ESG 54,Adequate,5000
GOCL Corporation Limited,Chemicals (Explosives),15,23,67,Crisil ESG 37,Weak,358
Godawari Power and Ispat Limited,Metals Ferrous (Iron & Steel Products),26,55,67,Crisil ESG 50,Below Average,3440
Godfrey Phillips India Limited,FMCG,55,39,61,Crisil ESG 53,Adequate,2257
Godrej Agrovet Limited,FMCG,43,42,68,Crisil ESG 53,Adequate,2664
Godrej Consumer Products Limited,FMCG,49,54,73,Crisil ESG 60,Adequate,10001
Godrej Industries Limited,Diversified,52,50,69,Crisil ESG 58,Adequate,18831
Godrej Properties Limited,Real Estate,54,56,70,Crisil ESG 61,Strong,3015
Gokaldas Exports Limited,Textiles,37,62,68,Crisil ESG 56,Adequate,51000
Goldiam International Limited,"Consumer Durables - Gems, Jewellery And Watches",37,52,68,Crisil ESG 53,Adequate,201
Goodyear India Limited,Tyre,40,59,72,Crisil ESG 57,Adequate,72000
Granules India Limited,Pharmaceuticals,51,55,70,Crisil ESG 60,Adequate,6525
Graphite India Limited,Industrial products,37,48,65,Crisil ESG 51,Adequate,1001
Grasim Industries Limited,Cement & Cement Products (Diversified),45,59,73,Crisil ESG 60,Adequate,65000
Grauer and Weil India Limited,Commodity Chemicals,36,35,62,Crisil ESG 46,Below Average,900
Gravita India Limited,Metals - Non-Ferrous,29,60,65,Crisil ESG 51,Adequate,1900
Greaves Cotton Limited,"Compressors, Pumps & Diesel Engine",40,51,71,Crisil ESG 55,Adequate,2255
Greenlam Industries Limited,Plywood Board,37,54,69,Crisil ESG 54,Adequate,14000
Greenpanel Industries Limited,Plywood Board,33,51,70,Crisil ESG 53,Adequate,1816
Greenply Industries Limited,Plywood Board,32,57,64,Crisil ESG 51,Adequate,1820
Grindwell Norton Limited,Industrial,45,42,67,Crisil ESG 53,Adequate,2401
GTL Infrastructure Limited,Telecommunication – Infrastructure,35,49,57,Crisil ESG 47,Below Average,1075
GTPL Hathway Limited,Media Entertainment & Publication,40,43,62,Crisil ESG 50,Below Average,2427
Gufic Biosciences Limited,Pharmaceuticals,44,47,64,Crisil ESG 53,Adequate,885
Gujarat Alkalies and Chemicals Limited,Commodity Chemicals,30,55,68,Crisil ESG 52,Adequate,662
Gujarat Ambuja Exports Limited,Agri Commodities,37,47,64,Crisil ESG 51,Adequate,2590
Gujarat Fluorochemicals Limited,Specialty Chemicals,33,51,65,Crisil ESG 50,Below Average,2475
Gujarat Gas Limited,Oil & Gas - Gas,44,50,64,Crisil ESG 54,Adequate,1034
Gujarat Industries Power Company Limited,Power- Thermal (Power Generation),32,49,67,Crisil ESG 50,Below Average,479
Gujarat Mineral Development Corporation Limited,Mining,27,49,71,Crisil ESG 50,Below Average,1500
Gujarat Narmada Valley Fertilizers and Chemicals Limited,Commodity Chemicals,27,56,68,Crisil ESG 51,Adequate,1001
Gujarat Pipavav Port Limited,Port & Port services,34,59,69,Crisil ESG 54,Adequate,463
Gujarat State Fertilizers and Chemicals Limited,Fertilizers,43,51,67,Crisil ESG 55,Adequate,4000
Gujarat State Petronet Limited,Oil & Gas - Gas,42,49,64,Crisil ESG 53,Adequate,254
Gulf Oil Lubricants India Limited,Lubricants,46,57,69,Crisil ESG 58,Adequate,591
Gulshan Polyols Limited,Agri Commodity,30,48,69,Crisil ESG 50,Below Average,382
H.G. Infra Engineering Limited,Civil Construction ,31,60,69,Crisil ESG 53,Adequate,2106
Happiest Minds Technologies Limited,IT,54,70,73,Crisil ESG 66,Strong,4917
Harsha Engineers International Limited,Other Industrial Products,41,45,67,Crisil ESG 52,Adequate,1775
Hathway Cable and Datacom Limited,Media Entertainment & Publication,36,33,60,Crisil ESG 45,Below Average,4300
Hatsun Agro Product Limited,FMCG,37,51,65,Crisil ESG 52,Adequate,4096
Havells India Limited,Consumer Durables - Consumer Electronics,58,64,69,Crisil ESG 64,Strong,6822
Hawkins Cookers Limited,Consumer Durables - Houseware,37,53,63,Crisil ESG 52,Adequate,1000
HBL Engineering Limited,Auto components and equipments (Batteries),39,58,67,Crisil ESG 55,Adequate,
HCL Technologies Limited,Information Technology,70,66,79,Crisil ESG 73,Leadership,227481
HDB Financial Services Limited,NBFC,49,43,73,Crisil ESG 57,Adequate,54320
HDFC Asset Management Company Limited,Financial Services (Capital Market),60,66,70,Crisil ESG 65,Strong,1509
HDFC Bank Limited,Banks,67,65,79,Crisil ESG 71,Leadership,213527
HDFC Life Insurance Company Limited,Insurance,56,58,69,Crisil ESG 62,Strong,32450
HDFC Securities Limited,Financial Services (Capital Market),34,31,58,Crisil ESG 43,Below Average,4508
Healthcare Global Enterprises Limited,Hospital,43,59,64,Crisil ESG 55,Adequate,6150
HEG Limited,Electrodes & Refractories,39,53,66,Crisil ESG 53,Adequate,350
Heidelberg Cement India Limited,Cement,35,55,70,Crisil ESG 54,Adequate,5000
Hemisphere Properties India Limited,Real Estate,19,41,50,Crisil ESG 37,Weak,200
Hemisphere Properties India Limited,Real Estate,19,41,61,Crisil ESG 41,Below Average,200
Heranba Industries Limited,Pesticides & Agrochemicals,32,49,70,Crisil ESG 51,Adequate,950
Heritage Foods Limited,FMCG,46,49,70,Crisil ESG 56,Adequate,3000
Hero FinCorp Limited,NBFC,48,43,68,Crisil ESG 55,Adequate,15000
Hero Motocorp Limited,Auto OEM,61,59,67,Crisil ESG 63,Strong,8599
Hester Biosciences Limited,Pharmaceuticals,42,59,63,Crisil ESG 54,Adequate,642
HFCL Limited,Telecommunication - Services,46,57,60,Crisil ESG 54,Adequate,1719
Hikal Limited,Pharmaceuticals,39,60,65,Crisil ESG 55,Adequate,2060
HIL Limited,Other Construction Material,38,61,66,Crisil ESG 55,Adequate,30000
Himadri Speciality Chemical Limited,Commodity Chemicals,41,57,67,Crisil ESG 55,Adequate,920
Himatsingka Seide Limited,Textiles,28,49,63,Crisil ESG 47,Below Average,6587
Hindalco Industries Limited,Metals - Non-Ferrous,36,57,68,Crisil ESG 54,Adequate,57669
Hinduja Global Solutions Limited,IT - BPO and KPO Services,38,28,69,Crisil ESG 48,Below Average,21600
Hinduja Leyland Finance Limited,NBFC,47,38,66,Crisil ESG 52,Adequate,14521
Hindustan Aeronautics Limited,Aerospace & Defense,39,60,56,Crisil ESG 51,Adequate,24457
Hindustan Construction Company Limited,Civil Construction ,33,40,58,Crisil ESG 45,Below Average,3500
Hindustan Copper Limited,Non - Ferrous Metals,24,56,51,Crisil ESG 43,Below Average,2500
Hindustan Foods Limited,FMCG,44,48,68,Crisil ESG 55,Adequate,500
Hindustan Oil Exploration Co. Limited,Oil & Gas - Exploration & Production,28,33,71,Crisil ESG 46,Below Average,800
Hindustan Petroleum Corporation Limited,Oil & Gas - Refining & Marketing,45,57,49,Crisil ESG 50,Below Average,11000
Hindustan Unilever Limited,FMCG,56,60,74,Crisil ESG 64,Strong,20000
Hindustan Zinc Limited,Metals - Non-Ferrous,45,59,62,Crisil ESG 55,Adequate,7500
Hindware Home Innovation Limited,Sanitary ware and Ceramics,24,28,68,Crisil ESG 43,Below Average,600
Hitachi Energy India Limited,Heavy Electrical Equipment,54,60,68,Crisil ESG 61,Strong,1200
HLE Glasscoat Limited,Industrial,32,48,73,Crisil ESG 52,Adequate,400
HMT Limited,Industrial,23,35,46,Crisil ESG 35,Weak,2500
Home First Finance Company India Limited,NBFC,50,63,74,Crisil ESG 63,Strong,1800
Honda India Power Products limited,Industrial products,41,55,62,Crisil ESG 53,Adequate,600
Honeywell Automation India Limited,Industrial products,49,53,65,Crisil ESG 56,Adequate,3096
Housing and Urban Development Corporation Limited,Financial Institution,53,58,50,Crisil ESG 53,Adequate,642
Huhtamaki India Limited,Packaging,40,51,72,Crisil ESG 56,Adequate,3000
ICICI Bank Limited,Banks,63,61,78,Crisil ESG 69,Strong,187765
ICICI Home Finance Company Limited,NBFC,47,38,70,Crisil ESG 54,Adequate,1000
ICICI Lombard General Insurance Company Limited,Insurance,52,59,74,Crisil ESG 62,Strong,10000
ICICI Prudential Life Insurance Company Limited,Insurance,50,61,72,Crisil ESG 62,Strong,20000
ICICI Securities Limited,Financial Services (Capital Market),61,63,75,Crisil ESG 67,Strong,3000
IDBI Bank Limited,Banks,52,62,72,Crisil ESG 63,Strong,17000
IDFC FIRST Bank Limited,Banks,63,61,78,Crisil ESG 68,Strong,25000
IDFC Limited,Holding company,64,56,71,Crisil ESG 65,Strong,100
IFB Industries Limited,Consumer Durables - Household Appliances,40,50,70,Crisil ESG 54,Adequate,2500
IFCI Limited,Financial Institution,44,46,50,Crisil ESG 47,Below Average,1400
Ifgl Refractories Limited,Electrodes & Refractories,37,41,68,Crisil ESG 51,Adequate,700
Igarashi Motors India Limited,Auto Components & Equipments,44,64,67,Crisil ESG 58,Adequate,500
IIFL Capital Services Limited,Financial Services (Capital Market),44,58,76,Crisil ESG 61,Strong,
IIFL Finance Limited,NBFC,60,60,63,Crisil ESG 61,Strong,3500
IIFL Home Finance Limited,NBFC,60,49,67,Crisil ESG 60,Adequate,1000
India Glycols Limited,Commodity Chemicals,35,41,62,Crisil ESG 48,Below Average,200
India Infradebt Limited,NBFC,54,41,69,Crisil ESG 57,Adequate,350
India Pesticides Limited,Pesticides & Agrochemicals,33,52,65,Crisil ESG 51,Adequate,2000
India Tourism Development Corporation Limited,Hotels,33,49,52,Crisil ESG 44,Below Average,2000
Indiamart Intermesh Limited,Internet & Catalogue Retail,45,62,67,Crisil ESG 58,Adequate,1100
Indian Bank,Banks,61,63,57,Crisil ESG 60,Adequate,24000
Indian Energy Exchange Limited,Financial Services (capital markets),45,52,69,Crisil ESG 56,Adequate,250
Indian Metals and Ferro Alloys Limited,Metals Ferrous (Ferro & Silica Manganese),25,49,65,Crisil ESG 47,Below Average,600
Indian Oil Corporation Limited,Oil & Gas - Refining & Marketing,43,53,53,Crisil ESG 50,Below Average,35000
Indian Overseas Bank,Banks,54,63,54,Crisil ESG 56,Adequate,20000
Indian Overseas Bank,Banks,50,63,59,Crisil ESG 57,Adequate,20000
Indian Railway Catering and Tourism Corporation Limited,Tour and travel-related services,44,59,59,Crisil ESG 54,Adequate,2500
Indian Railway Finance Corporation Limited,Financial Institution,56,54,52,Crisil ESG 54,Adequate,650
Indian Renewable Energy Development Agency Limited,Financial Institution,66,47,59,Crisil ESG 59,Adequate,200
Indigo Paints Limited,Paints,53,48,69,Crisil ESG 58,Adequate,800
IndiGrid Infrastructure Trust,Power T&D,34,22,66,Crisil ESG 44,Below Average,
Indo Count Industries Limited,Textiles,38,50,65,Crisil ESG 52,Adequate,1250
Indo Rama Synthetics (India) Limited,Textiles,29,57,65,Crisil ESG 50,Below Average,1000
Indoco Remedies Limited,Pharmaceuticals,38,55,66,Crisil ESG 53,Adequate,1500
IndoStar Capital Finance Limited,NBFC,46,47,59,Crisil ESG 51,Adequate,500
Indraprastha Gas Limited,Oil & Gas - Gas,42,60,64,Crisil ESG 55,Adequate,4000
Indus Towers Limited,Telecom - Infrastructure,42,52,68,Crisil ESG 55,Adequate,1500
IndusInd Bank Limited,Banks,67,62,74,Crisil ESG 68,Strong,10500
IndusInd Bank Limited,Bank,67,62,72,Crisil ESG 67,Strong,10500
Infibeam Avenues Limited,IT – Financial Technology,43,57,63,Crisil ESG 54,Adequate,700
Info Edge (India) Limited,Internet & Catalogue Retail,54,62,74,Crisil ESG 64,Strong,1200
Infobeans Technologies Limited,IT,47,52,68,Crisil ESG 57,Adequate,1500
Infosys Limited,Information Technology,74,66,83,Crisil ESG 76,Leadership,250000
Ingersoll Rand India Limited,"Compressors, Pumps & Diesel Engines",51,56,67,Crisil ESG 59,Adequate,1000
Inox Wind Energy Limited,Heavy Electrical Equipment,30,51,58,Crisil ESG 46,Below Average,1200
Inox Wind Limited,Heavy Electrical Equipment,45,55,55,Crisil ESG 52,Adequate,800
Insecticides (India) Limited,Pesticides & Agrochemicals,37,54,70,Crisil ESG 55,Adequate,700
Intellect Design Arena Limited,IT,56,49,66,Crisil ESG 58,Adequate,1000
Interglobe Aviation Limited,Airlines,53,58,64,Crisil ESG 59,Adequate,18000
Interise Trust,Road Assets - Toll Annuity Hybrid-Annuity,20,18,57,Crisil ESG 34,Weak,100
IOL Chemicals and Pharmaceuticals Limited,Pharmaceuticals,49,61,70,Crisil ESG 60,Adequate,1500
ION Exchange India Limited,Water and Waste Management,37,62,60,Crisil ESG 53,Adequate,300
IPCA Laboratories Limited,Pharmaceuticals,40,49,64,Crisil ESG 52,Adequate,3000
IRB Infrastructure Developers Limited,Civil Construction ,42,62,64,Crisil ESG 56,Adequate,500
Ircon International Limited,Construction EPC,34,56,59,Crisil ESG 50,Below Average,5000
Ircon International Limited,Civil Construction ,32,55,53,Crisil ESG 47,Below Average,5000
ISGEC Heavy Engineering Limited,Civil Construction ,27,51,65,Crisil ESG 48,Below Average,2500
Ismt Limited,Metals - Ferrous,32,56,67,Crisil ESG 52,Adequate,600
ITC Limited,Diversified FMCG,56,57,69,Crisil ESG 62,Strong,30000
ITD Cementation India Limited,Civil Construction ,37,58,70,Crisil ESG 56,Adequate,600
ITI Limited,Telecommunications,31,51,47,Crisil ESG 42,Below Average,15000
,– Equipment & Accessories,,,,,,
ITI Limited,Telecommunications,34,58,50,Crisil ESG 47,Below Average,15000
,– Equipment & Accessories,,,,,,
J B Chemicals and Pharmaceuticals Limited,Pharmaceuticals,54,59,70,Crisil ESG 62,Strong,1200
J. Kumar Infraprojects Limited,Civil Construction ,27,59,64,Crisil ESG 50,Below Average,500
Jagran Prakashan Limited,Media Entertainment & Publication,43,57,56,Crisil ESG 52,Adequate,1300
Jagsonpal Pharmaceuticals Limited,Pharmaceuticals,37,53,66,Crisil ESG 53,Adequate,800
Jai Corp Limited,Industrial,38,59,63,Crisil ESG 53,Adequate,350
Jain Irrigation Systems Limited,Plastic Products – Industrial (Pipes) ,44,51,61,Crisil ESG 52,Adequate,7000
Jaiprakash Associates Limited,Civil Construction,25,46,38,Crisil ESG 36,Weak,8000
Jaiprakash Power Ventures Limited,Power- Thermal,34,56,66,Crisil ESG 52,Adequate,2500
Jamna Auto Industries Limited,Auto Components & Equipments,34,62,68,Crisil ESG 55,Adequate,1000
Jamnagar Utilities and Power Private Limited,Power Thermal,11,23,65,Crisil ESG 36,Weak,1000
Jayaswal Neco Industries Limited,Metals Ferrous (Iron & Steel Products),26,53,62,Crisil ESG 47,Below Average,1000
JBM Auto Limited,Auto Components & Equipments,44,64,65,Crisil ESG 57,Adequate,800
Jindal Poly Films Limited,Packaging,28,48,65,Crisil ESG 48,Below Average,1200
Jindal Saw Limited,Iron and Steel Products,27,57,66,Crisil ESG 50,Below Average,700
Jindal Stainless Limited,Metals Ferrous (Iron & Steel),43,57,67,Crisil ESG 56,Adequate,10000
Jindal Stainless Limited,Metals Ferrous (Iron & Steel),47,57,67,Crisil ESG 57,Adequate,10000
Jindal Steel and Power Limited,Metals Ferrous (Iron & Steel),36,49,60,Crisil ESG 49,Below Average,25000
Jindal Worldwide Limited,Textiles,31,50,60,Crisil ESG 48,Below Average,2000
JK Cement Limited,Cement,45,54,65,Crisil ESG 56,Adequate,5000
JK Lakshmi Cement Limited,Cement,40,66,65,Crisil ESG 57,Adequate,1500
JK Paper Limited,Paper,46,55,66,Crisil ESG 56,Adequate,2000
JK Tyre and Industries Limited,Tyre,41,52,64,Crisil ESG 53,Adequate,3000
JM Financial Asset Reconstruction Company Limited,Financial Services (capital markets),34,35,61,Crisil ESG 45,Below Average,150
JM Financial Credit Solutions Limited,NBFC,48,37,63,Crisil ESG 51,Adequate,300
JM Financial Limited,Holding company,43,35,67,Crisil ESG 51,Adequate,250
JM Financial Products Limited,NBFC,49,40,70,Crisil ESG 55,Adequate,200
JM Financial Services Limited,Financial Services (Capital Market),34,35,52,Crisil ESG 41,Below Average,700
John Deere Financial India Private Limited,NBFC,43,34,57,Crisil ESG 46,Below Average,500
Johnson Controls-Hitachi Air Conditioning India Limited,Consumer Durables - Household Appliances,45,56,62,Crisil ESG 55,Adequate,
JSW Energy Limited,Power- Thermal (Power Generation),49,60,74,Crisil ESG 62,Strong,2000
JSW Holdings Limited,Investment Company,36,55,65,Crisil ESG 53,Adequate,300
JSW Steel Limited,Metals Ferrous (Iron & Steel),33,54,66,Crisil ESG 52,Adequate,30000
JSW Steel Limited,Metals Ferrous (Iron & Steel),37,56,67,Crisil ESG 54,Adequate,30000
JTEKT India Limited,Auto Components & Equipments,42,59,64,Crisil ESG 55,Adequate,1000
Jubilant FoodWorks Limited,Restaurants,36,57,70,Crisil ESG 55,Adequate,25000
Jubilant Ingrevia Limited,Specialty Chemicals,40,53,68,Crisil ESG 54,Adequate,1500
Jubilant Pharmova Limited,Pharmaceuticals,57,57,70,Crisil ESG 62,Strong,1200
Just Dial Limited,Internet & Catalogue Retail,36,53,64,Crisil ESG 52,Adequate,2500
Jyothy Labs Limited,FMCG,41,56,70,Crisil ESG 56,Adequate,2200
Jyoti Structures Limited,Heavy Electrical Equipment,24,25,52,Crisil ESG 36,Weak,1000
K. P. R. Mill Limited,Textile,33,55,63,Crisil ESG 50,Below Average,600
Kajaria Ceramics Limited,Sanitary ware and Ceramics,42,60,63,Crisil ESG 55,Adequate,4000
Kalpataru Projects International Limited,Civil Construction ,42,56,65,Crisil ESG 55,Adequate,2500
Kalyan Jewellers India Limited,"Consumer Durables - Gems, Jewellery And Watches",33,49,71,Crisil ESG 53,Adequate,12000
Kalyani Steels Limited,Metals Ferrous (Iron & Steel Products),28,49,64,Crisil ESG 47,Below Average,15000
Kama Holdings Limited,Holding company,32,49,69,Crisil ESG 51,Adequate,100
Kansai Nerolac Paints Limited,Paints,49,60,71,Crisil ESG 61,Strong,8000
Kaveri Seed Co. Limited,Agri Commodities,46,60,58,Crisil ESG 54,Adequate,400
Kaynes Technology India Limited,Industrial products,36,48,68,Crisil ESG 52,Adequate,300
KEC International Limited,Civil Construction ,43,56,69,Crisil ESG 57,Adequate,10000
KEI Industries Limited,Cables- Electricials,44,54,68,Crisil ESG 56,Adequate,3000
Kennametal India Limited,Industrial products,41,49,66,Crisil ESG 53,Adequate,1500
Kesoram Industries Limited,Cement,30,44,68,Crisil ESG 49,Below Average,5000
Kewal Kiran Clothing Limited,Garments & Apparels,40,63,64,Crisil ESG 56,Adequate,2000
KFIN Technologies Private Limited,Financial Services (Capital Market),56,56,70,Crisil ESG 61,Strong,700
KIOCL Limited,Metals - Ferrous,29,58,50,Crisil ESG 45,Below Average,1500
Kiri Industries Limited,Dyes and Pigments,20,40,62,Crisil ESG 42,Below Average,500
Kirloskar Brothers Limited,"Compressors, Pumps & Diesel Engines",43,60,62,Crisil ESG 55,Adequate,1500
Kirloskar Ferrous Industries Limited,Metals Ferrous (Pig Iron),32,57,70,Crisil ESG 53,Adequate,1000
Kirloskar Industries Limited,Other Industrial Products,42,56,70,Crisil ESG 56,Adequate,3500
Kirloskar Oil Engines Limited,"Compressors, Pumps & Diesel Engines",40,57,70,Crisil ESG 56,Adequate,2000
Kirloskar Pneumatic Company Limited,"Compressors, Pumps & Diesel Engines",44,57,71,Crisil ESG 58,Adequate,1000
Kitex Garments Limited,Textiles,31,57,61,Crisil ESG 50,Below Average,45000
KMC Speciality Hospitals (India) Limited,Hospital,43,62,66,Crisil ESG 57,Adequate,2000
KNR Constructions Limited,Civil Construction ,29,55,68,Crisil ESG 51,Adequate,800
Kolte-Patil Developers Limited,Real Estate,28,36,67,Crisil ESG 45,Below Average,
Kopran Limited,Pharmaceuticals,41,53,69,Crisil ESG 55,Adequate,1200
Kotak Mahindra Bank Limited,Banks,66,57,75,Crisil ESG 67,Strong,16000
Kotak Mahindra Investments Limited,NBFC,46,37,60,Crisil ESG 49,Below Average,500
Kotak Mahindra Prime Limited,NBFC,47,39,55,Crisil ESG 48,Below Average,300
Kotak Securities Limited,Financial Services (Capital Market),34,30,55,Crisil ESG 41,Below Average,1500
Kovai Medical Center and Hospital Limited,Hospital,44,62,61,Crisil ESG 55,Adequate,2500
KPIT Technologies Limited,IT,53,46,68,Crisil ESG 57,Adequate,12000
Krbl Limited,Agri Commodities,39,51,60,Crisil ESG 51,Adequate,1600
Krishna Institute of Medical Sciences Limited,Hospital,39,51,71,Crisil ESG 55,Adequate,3000
Krsnaa Diagnostics Limited,Healthcare Service Provider,40,60,68,Crisil ESG 56,Adequate,100
KSB Limited,"Compressors, Pumps & Diesel Engines",39,50,64,Crisil ESG 52,Adequate,2500
L G Balakrishnan and Bros Limited,Auto Components & Equipments,43,56,65,Crisil ESG 55,Adequate,1000
L&T Finance Limited (formerly L&T Finance Holdings Limited),NBFC,64,65,72,Crisil ESG 68,Strong,
L&T Technology Services Limited,Information Technology,63,66,74,Crisil ESG 68,Strong,10000
LA Opala R G Limited,Consumer Durables - Glassware,34,49,64,Crisil ESG 50,Below Average,700
Landmark Cars Limited,Auto Dealer,29,26,66,Crisil ESG 43,Below Average,500
Larsen and Toubro Limited,Construction EPC,52,61,68,Crisil ESG 61,Strong,50000
Latent View Analytics Limited,IT,45,42,70,Crisil ESG 54,Adequate,1500
Laurus Labs Limited,Pharmaceuticals,36,60,72,Crisil ESG 57,Adequate,4000
Laxmi Organic Industries Limited,Specialty Chemicals,38,55,64,Crisil ESG 52,Adequate,1000
Lemon Tree Hotels Limited,Hotels,45,56,67,Crisil ESG 57,Adequate,3000
LIC Housing Finance Limited,NBFC,51,61,75,Crisil ESG 63,Strong,2000
Life Insurance Corporation of India,Insurance,38,61,62,Crisil ESG 53,Adequate,94000
Linde India Limited,Industrial gases,33,49,67,Crisil ESG 51,Adequate,1000
Lloyds Metals and Energy Limited,Metals - Ferrous,31,42,71,Crisil ESG 50,Below Average,500
LMW Limited,Industrial,43,56,67,Crisil ESG 56,Adequate,1200
LT Foods Limited,Agri Commodities,41,45,70,Crisil ESG 53,Adequate,1000
LTIMindtree Limited,Information Technology,74,69,75,Crisil ESG 73,Leadership,24000
Lumax Auto Technologies Limited,Auto Components & Equipments,48,57,67,Crisil ESG 58,Adequate,3000
Lumax Industries Limited,Auto Components & Equipments,39,62,61,Crisil ESG 54,Adequate,2500
Lupin Limited,Pharmaceuticals,53,54,72,Crisil ESG 61,Strong,20000
Lux Industries Limited,Textiles,39,59,59,Crisil ESG 52,Adequate,500
Macrotech Developers Limited,Real Estate,54,54,73,Crisil ESG 62,Strong,30000
Mahanagar Gas Limited,Oil & Gas - Gas,44,62,65,Crisil ESG 57,Adequate,3000
Mahanagar Telephone Nigam Limited,Telecommunication - Cellular & Fixed line services,29,47,55,Crisil ESG 44,Below Average,30000
Mahanagar Telephone Nigam Limited,Telecommunication - Cellular & Fixed line services,30,50,55,Crisil ESG 45,Below Average,30000
Mahanagar Telephone Nigam Limited,Telecommunication - Cellular & Fixed line services,29,47,48,Crisil ESG 41,Below Average,30000
Maharashtra Scooters Limited,Investment Company,55,64,68,Crisil ESG 63,Strong,150
Maharashtra Seamless Limited,Metals Linked products (Iron & Steel Products),32,56,66,Crisil ESG 52,Adequate,2000
Mahindra and Mahindra Financial Services Limited*,NBFC,58,62,73,Crisil ESG 65,Strong,
Mahindra and Mahindra Limited,Auto OEM,55,59,72,Crisil ESG 63,Strong,40000
Mahindra Holidays and Resorts India Limited*,Hotels,41,39,69,Crisil ESG 52,Adequate,
Mahindra Lifespace Developers Limited,Real Estate,47,51,71,Crisil ESG 58,Adequate,1200
Mahindra Logistics Limited,Logistics,41,51,75,Crisil ESG 57,Adequate,8000
Mahindra Rural Housing Finance Limited,NBFC,49,45,66,Crisil ESG 55,Adequate,500
Maithan Alloys Limited,Metals Ferrous (Ferro & silica manganese),24,41,65,Crisil ESG 45,Below Average,1000
Man Infraconstruction Limited,Civil Construction ,25,40,64,Crisil ESG 45,Below Average,500
Manali Petrochemicals Limited,Petrochemicals,31,40,66,Crisil ESG 47,Below Average,700
Manappuram Finance Limited,NBFC,53,58,74,Crisil ESG 63,Strong,12000
Manappuram Finance Limited,NBFC,55,58,71,Crisil ESG 62,Strong,12000
Mangalam Cement Limited,Cement,36,55,61,Crisil ESG 51,Adequate,1500
Mangalore Refinery and Petrochemicals Limited,Oil & Gas - Refining & Marketing,41,60,55,Crisil ESG 52,Adequate,4000
Mangalore Refinery and Petrochemicals Limited,Oil & Gas - Refining & Marketing,37,57,51,Crisil ESG 47,Below Average,4000
Mankind Pharma Limited,Pharmaceuticals,45,58,67,Crisil ESG 57,Adequate,3000
Manorama Industries Limited,FMCG,36,56,71,Crisil ESG 55,Adequate,2500
Marico Limited,FMCG,54,60,74,Crisil ESG 64,Strong,4500
Marksans Pharma Limited,Pharmaceuticals,31,46,66,Crisil ESG 48,Below Average,800
Maruti Suzuki India Limited,Auto OEM,54,61,67,Crisil ESG 61,Strong,40000
MAS Financial Services Limited,NBFC,55,60,70,Crisil ESG 62,Strong,500
Mastek Limited,IT – Computers - Software & Consulting,54,66,66,Crisil ESG 62,Strong,3500
Matrimony.com Limited,Internet & Catalogue Retail,39,53,66,Crisil ESG 53,Adequate,800
Max Financial Services Limited,Insurance,55,55,68,Crisil ESG 60,Adequate,800
Max Healthcare Institute Limited,Hospital,55,60,70,Crisil ESG 62,Strong,2500
Mayur Uniquoters Limited,Industrial,41,53,71,Crisil ESG 56,Adequate,1000
Mazagon Dock Shipbuilders Limited,Ship Building & Allied Services,43,59,57,Crisil ESG 53,Adequate,15000
Mazagon Dock Shipbuilders Limited,Ship Building & Allied Services,46,61,53,Crisil ESG 53,Adequate,15000
Medplus Health Services Limited,Retailing (Pharmacy Retail),46,63,58,Crisil ESG 55,Adequate,12000
MEP Infrastructure Developers Limited,Road Assets - Toll Annuity Hybrid-Annuity,20,14,39,Crisil ESG 26,Weak,200
Metro Brands Limited,Consumer Durables - Footwear,40,58,72,Crisil ESG 57,Adequate,1500
Metropolis Healthcare Limited,Healthcare Service Provider,49,55,67,Crisil ESG 58,Adequate,3000
Minda Corporation Limited,Auto Components & Equipments,32,55,69,Crisil ESG 53,Adequate,2500
Mindspace Business Parks REIT (Mindspace REIT),REIT,51,56,60,Crisil ESG 56,Adequate,100
Mirza International Limited,Consumer Durables - Leather And Leather Products,41,59,62,Crisil ESG 54,Adequate,700
Mishra Dhatu Nigam Limited,Aerospace & Defense,36,51,55,Crisil ESG 47,Below Average,3000
MM Forgings Limited,Auto Components & Equipments,35,48,64,Crisil ESG 50,Below Average,1000
MMTC Limited,Trading,25,61,48,Crisil ESG 43,Below Average,8000
Moil Limited,Minerals & Mining,25,52,57,Crisil ESG 44,Below Average,1200
Mold-Tek Packaging Limited,Packaging,34,60,69,Crisil ESG 54,Adequate,400
Morepen Laboratories Limited,Pharmaceuticals,38,57,68,Crisil ESG 55,Adequate,900
Motherson Sumi Wiring India Limited,Auto Components & Equipments,48,59,67,Crisil ESG 59,Adequate,50000
Motilal Oswal Financial Services Limited,Financial Services (capital markets),46,52,73,Crisil ESG 59,Adequate,3000
Motilal Oswal Home Finance Limited,NBFC,46,43,64,Crisil ESG 52,Adequate,1000
Mphasis Limited,IT,63,52,70,Crisil ESG 63,Strong,25000
MPS Limited,IT,39,49,68,Crisil ESG 53,Adequate,1500
MRF Limited,Tyre,36,56,58,Crisil ESG 50,Below Average,10000
Mrs.Bectors Food Specialities Limited,FMCG,38,49,73,Crisil ESG 55,Adequate,4000
MSTC Limited,Trading,27,43,62,Crisil ESG 45,Below Average,2000
MTAR Technologies Limited,Industrial,39,56,76,Crisil ESG 58,Adequate,1000
Mukand Limited,Metals Ferrous (Iron & Steel),35,54,63,Crisil ESG 51,Adequate,3000
Multi Commodity Exchange of India Limited,Financial Services (capital markets),47,49,79,Crisil ESG 61,Strong,500
Music Broadcast Limited,Media Entertainment & Publication,38,50,70,Crisil ESG 54,Adequate,100
Muthoot Finance Limited,NBFC,57,63,67,Crisil ESG 63,Strong,25000
NACL Industries Limited,Pesticides & Agrochemicals,34,52,67,Crisil ESG 52,Adequate,
Nahar Spinning Mills Limited,Textiles,28,62,62,Crisil ESG 51,Adequate,1200
Narayana Hrudayalaya Limited,Hospital,35,55,70,Crisil ESG 54,Adequate,8000
Natco Pharma Limited,Pharmaceuticals,53,54,66,Crisil ESG 58,Adequate,3000
National Aluminium Company Limited,Metals - Non-Ferrous,29,64,50,Crisil ESG 46,Below Average,4500
National Bank For Agriculture and Rural Development,Financial Institution,55,54,45,Crisil ESG 51,Adequate,1600
National Cooperative Development Corporation,Financial Institution,51,39,35,Crisil ESG 41,Below Average,500
National Fertilizers Limited,Chemicals - Fertilizers,33,51,58,Crisil ESG 47,Below Average,3000
National Fertilizers Limited,Fertilizers,30,45,56,Crisil ESG 44,Below Average,3000
National Highways Authority of India,"Road Assets–Toll, Annuity, Hybrid-Annuity",24,30,30,Crisil ESG 28,Weak,5000
National Housing Bank,Financial Institution,50,45,48,Crisil ESG 48,Below Average,600
Nava Limited,Power Thermal,18,36,71,Crisil ESG 44,Below Average,500
Navin Fluorine International Limited,Specialty Chemicals,38,57,66,Crisil ESG 54,Adequate,3500
Navneet Education Limited,Media Entertainment & Publication,39,65,67,Crisil ESG 57,Adequate,4000
Nazara Technologies Limited,Digital Entertainment,37,48,71,Crisil ESG 53,Adequate,800
NBCC (India) Limited,Civil Construction ,32,51,53,Crisil ESG 45,Below Average,6000
NCC Limited,Civil Construction ,33,57,71,Crisil ESG 54,Adequate,8000
NCL Industries Limited,Cement,17,29,66,Crisil ESG 39,Weak,4000
NELCO Limited,Information Technology (Satellite Communication Services),46,54,66,Crisil ESG 56,Adequate,500
Neogen Chemicals Limited,Specialty Chemicals,36,51,69,Crisil ESG 53,Adequate,700
Nesco Limited,Real Estate,37,56,67,Crisil ESG 54,Adequate,350
Nestle India Limited,FMCG,45,58,74,Crisil ESG 60,Adequate,7000
Network18 Media and Investments Limited,Media Entertainment & Publication,32,25,65,Crisil ESG 43,Below Average,2000
Neuland Laboratories Limited,Pharmaceuticals,48,60,69,Crisil ESG 59,Adequate,4000
Newgen Software Technologies Limited,IT,55,61,69,Crisil ESG 62,Strong,2000
NHPC Limited,Power generation (Renewables),36,57,53,Crisil ESG 48,Below Average,3500
Niit Limited,IT,56,57,68,Crisil ESG 61,Strong,1000
Nilkamal Limited,Consumer Durables - Plastic,40,52,64,Crisil ESG 53,Adequate,4000
,Products,,,,,,
Nippon Life India Asset Management Limited,Financial Services (Capital Market),56,60,71,Crisil ESG 63,Strong,2735
Nirlon Limited,Real Estate,34,49,77,Crisil ESG 55,Adequate,3016
Nitin Spinners Limited,Textiles,37,59,67,Crisil ESG 55,Adequate,6549
NLC India Limited,Power- Thermal (Power Generation),28,59,56,Crisil ESG 47,Below Average,842
Nmdc Limited,Minerals and mining,38,60,48,Crisil ESG 48,Below Average,3000
NOCIL Limited,Specialty Chemicals,42,52,68,Crisil ESG 55,Adequate,1021
Novartis India Limited,Pharmaceuticals,46,47,63,Crisil ESG 53,Adequate,20000
NRB Bearings Limited,Auto Components & Equipments,37,62,70,Crisil ESG 57,Adequate,10876
NTPC Limited,Power- Thermal (Power Generation),39,61,57,Crisil ESG 52,Adequate,365
Nuclear Power Corporation of India Limited,"Power Renewable (Hydro, Nuclear)",17,31,53,Crisil ESG 35,Weak,3000
Nureca Limited,Medical Equipment And Supplies,40,51,62,Crisil ESG 52,Adequate,800
Nuvoco Vistas Corporation Limited,Cement,41,57,66,Crisil ESG 55,Adequate,20347
Oberoi Realty Limited,Real Estate,43,48,71,Crisil ESG 55,Adequate,9873
Oil and Natural Gas Corporation Limited,Oil & Gas - Exploration & Production,31,42,57,Crisil ESG 44,Below Average,2000
Oil and Natural Gas Corporation Limited,Oil & Gas - Exploration & Production,32,49,52,Crisil ESG 44,Below Average,2000
Oil and Natural Gas Corporation Limited,Oil & Gas - Exploration & Production,32,49,49,Crisil ESG 43,Below Average,2000
Oil India Limited,Oil & Gas - Exploration & Production,29,61,51,Crisil ESG 46,Below Average,9000
Oil India Limited,Oil & Gas - Exploration & Production,34,61,49,Crisil ESG 47,Below Average,9000
Omaxe Limited,Real Estate,19,40,58,Crisil ESG 40,Weak,500
One 97 Communications Limited,Financial Services (fintech),51,51,56,Crisil ESG 53,Adequate,2000
ONGC Petro additions Limited,Petrochemicals,19,20,59,Crisil ESG 35,Weak,1000
Onmobile Global Limited,IT – Other telecom services,41,44,68,Crisil ESG 52,Adequate,700
OPG Power Generation Power Private Limited,Power - Thermal,35,40,48,Crisil ESG 42,Weak,
Oracle Financial Services Software Limited,IT,51,58,69,Crisil ESG 60,Adequate,8000
Orchid Pharma Limited,Pharmaceuticals,37,54,64,Crisil ESG 52,Adequate,1500
Orient Cement Limited,Cement,44,57,69,Crisil ESG 57,Adequate,2000
Orient Electric Limited,Consumer Durables - Household Appliances,43,56,69,Crisil ESG 57,Adequate,1500
Oriental Aromatics Limited,Specialty Chemicals,34,52,63,Crisil ESG 50,Below Average,400
Oriental Carbon and Chemicals Limited,Commodity Chemicals,35,53,66,Crisil ESG 52,Adequate,600
Oriental Hotels Limited,Hotels,42,54,69,Crisil ESG 56,Adequate,800
Page Industries Limited,Textiles,49,58,68,Crisil ESG 59,Adequate,15000
Paisalo Digital Limited,NBFC,52,58,67,Crisil ESG 60,Adequate,300
Panacea Biotec Limited,Pharmaceuticals,33,49,59,Crisil ESG 48,Below Average,1200
Panama Petrochem Limited,Lubricants,36,52,69,Crisil ESG 53,Adequate,500
Panatone Finvest Limited,Holding company,53,60,37,Crisil ESG 48,Below Average,57
Paras Defence and Space Technologies Limited,Aerospace & Defense,30,56,71,Crisil ESG 53,Adequate,886
Patanjali Foods Limited,FMCG,40,49,63,Crisil ESG 52,Adequate,10293
Patel Engineering Limited,Civil Construction ,34,54,65,Crisil ESG 51,Adequate,552
PB Fintech Limited,Financial Services (fintech),48,59,66,Crisil ESG 58,Adequate,323
PCBL Chemical Limited,Chemicals (Carbon Black),39,58,71,Crisil ESG 57,Adequate,
PDS Limited,Trading,33,49,69,Crisil ESG 52,Adequate,300
Persistent Systems Limited,Information Technology,72,71,76,Crisil ESG 73,Leadership,3542
Petronet LNG Limited,Oil & Gas - Gas,41,60,63,Crisil ESG 55,Adequate,3321
Pfizer Limited,Pharmaceuticals,45,53,69,Crisil ESG 57,Adequate,2000
PG Electroplast Limited,Consumer Electronics,24,27,65,Crisil ESG 41,Below Average,1023
PI Industries Limited,Pesticides & Agrochemicals,46,55,70,Crisil ESG 58,Adequate,2000
Pidilite Industries Limited,Specialty Chemicals,44,51,61,Crisil ESG 53,Adequate,4000
Pilani Investment And Industries Corporation Limited,Holding company,43,56,71,Crisil ESG 57,Adequate,102
Pipeline Infrastructure Limited,Oil and Gas - Gas,27,21,66,Crisil ESG 41,Below Average,982
Piramal Capital and Housing Finance Limited,NBFC,46,41,64,Crisil ESG 52,Adequate,632
Piramal Enterprises Limited,NBFC,57,56,69,Crisil ESG 61,Strong,1200
Pitti Engineering Limited,Industrial products,41,54,69,Crisil ESG 55,Adequate,501
PNB Housing Finance Limited,NBFC,51,59,68,Crisil ESG 60,Adequate,1553
PNC Infratech Limited,Construction EPC,30,54,60,Crisil ESG 48,Below Average,500
PNC Infratech Limited,Civil Construction ,28,54,63,Crisil ESG 49,Below Average,500
Pokarna Limited,Other Construction Material,25,20,59,Crisil ESG 38,Weak,372
Poly Medicure Limited,Industrial,41,56,62,Crisil ESG 53,Adequate,768
Polycab India Limited,Cables- Electricials,38,57,70,Crisil ESG 55,Adequate,4021
Polyplex Corporation Limited,Packaging,34,41,65,Crisil ESG 48,Below Average,2000
Poonawalla Fincorp Limited,NBFC,53,62,66,Crisil ESG 60,Adequate,732
Power Finance Corporation Limited,Financial Institution,51,62,53,Crisil ESG 55,Adequate,6021
Power Grid Corporation of India Limited,Power T&D,47,67,53,Crisil ESG 54,Adequate,13902
Power Mech Projects Limited,Civil Construction ,23,52,62,Crisil ESG 46,Below Average,400
POWERGRID Infrastructure Investment Trust,Power T&D,24,19,50,Crisil ESG 33,Weak,100
Praj Industries Limited,Industrial products,45,59,71,Crisil ESG 59,Adequate,1220
Prataap Snacks Limited,FMCG,43,48,67,Crisil ESG 54,Adequate,1000
Premier Explosives Limited,Chemicals (Explosives),10,21,65,Crisil ESG 35,Weak,601
Prestige Estates Projects Limited,Real Estate,32,55,65,Crisil ESG 51,Adequate,390
Prime Focus Limited,Media & Entertainment,32,29,58,Crisil ESG 41,Below Average,1000
Primo Chemicals Limited,Commodity Chemicals,30,41,68,Crisil ESG 48,Below Average,692
Prince Pipes and Fittings Limited,Plastic Products – Industrial (Pipes) ,45,52,67,Crisil ESG 56,Adequate,8000
Prism Johnson Limited,Cement,34,56,67,Crisil ESG 53,Adequate,5000
Privi Speciality Chemicals Limited,Specialty Chemicals,45,54,65,Crisil ESG 55,Adequate,399
Procter & Gamble Health Limited,Pharmaceuticals,49,58,69,Crisil ESG 59,Adequate,1200
Procter and Gamble Hygiene and Health Care Limited,FMCG,45,56,69,Crisil ESG 57,Adequate,10000
PSP Projects Limited,Civil Construction ,34,58,68,Crisil ESG 54,Adequate,500
PTC India Financial Services Limited,NBFC,49,52,51,Crisil ESG 51,Adequate,401
PTC India Limited,Power Trading,37,43,40,Crisil ESG 40,Weak,598
Punjab and Sind Bank,Banks,53,58,54,Crisil ESG 55,Adequate,16000
Punjab and Sind Bank,Banks,57,58,56,Crisil ESG 57,Adequate,16000
Punjab Chemicals and Crop Protection Limited,Pesticides & Agrochemicals,25,54,67,Crisil ESG 49,Below Average,769
Punjab National Bank,Banks,55,62,61,Crisil ESG 59,Adequate,24000
Puravankara Limited,Real Estate,26,37,64,Crisil ESG 44,Below Average,1000
PVR INOX Limited,Media – Film Production Distribution & Exhibition,45,46,62,Crisil ESG 52,Adequate,1987
Quess Corp Limited,Diversified Commercial Services,53,53,69,Crisil ESG 59,Adequate,25000
R Systems International Limited,IT,43,41,72,Crisil ESG 54,Adequate,3500
Radiant Cash Management Services Private Limited,Diversified Commercial Services,25,50,65,Crisil ESG 47,Below Average,300
Radico Khaitan Limited,FMCG,46,42,62,Crisil ESG 52,Adequate,2501
Rail Vikas Nigam Limited,Civil Construction ,33,58,52,Crisil ESG 47,Below Average,1000
Railtel Corporation of India Limited,Telecommunication -Services,43,54,53,Crisil ESG 50,Below Average,3000
Railtel Corporation of India Limited,Telecommunications,30,53,54,Crisil ESG 45,Below Average,3000
Rain Industries Limited,Chemicals (Petrochemicals),36,54,71,Crisil ESG 54,Adequate,2000
Rainbow Childrens Medicare Limited,Hospital,46,61,71,Crisil ESG 60,Adequate,700
Rajesh Exports Limited,"Consumer Durables - Gems, Jewellery And",26,37,61,Crisil ESG 43,Below Average,20000
,Watches,,,,,,
Rajratan Global Wire Limited,Auto Components & Equipments,37,60,63,Crisil ESG 53,Adequate,3512
Rallis India Limited,Pesticides & Agrochemicals,41,58,70,Crisil ESG 57,Adequate,500
Ramco Industries Limited,Other Construction Material,33,55,65,Crisil ESG 51,Adequate,3500
Ramco Systems Limited,IT,43,46,65,Crisil ESG 53,Adequate,1200
Ramkrishna Forgings Limited,Auto Components & Equipments,37,54,69,Crisil ESG 54,Adequate,2500
Ramky Infrastructure Limited,Civil Construction ,23,54,61,Crisil ESG 46,Below Average,2501
Rane Holdings Limited,Holding company,26,26,68,Crisil ESG 43,Below Average,157
Rashtriya Chemicals and Fertilizers Limited,Chemicals - Fertilizers,34,48,56,Crisil ESG 46,Below Average,5000
Rashtriya Chemicals and Fertilizers Limited,Fertilizers,33,51,53,Crisil ESG 46,Below Average,5000
Rategain Travel Technologies Limited,IT - Software,40,31,66,Crisil ESG 48,Below Average,521
Ratnamani Metals and Tubes Limited,Metals Linked products (Iron & Steel Products),37,56,68,Crisil ESG 54,Adequate,2501
RattanIndia Enterprises Limited,E-Retail/ E-Commerce,37,24,70,Crisil ESG 47,Below,1000
,,,,,,average,
Rattanindia Power Limited,Power- Thermal (Power Generation),28,50,63,Crisil ESG 47,Below Average,1500
Raymond Limited,Textiles,34,51,65,Crisil ESG 51,Adequate,16923
RBL Bank Limited,Banks,60,51,71,Crisil ESG 62,Strong,8032
REC Limited,Financial Institution,55,60,64,Crisil ESG 60,Adequate,2953
Redington Limited,Trading,34,64,73,Crisil ESG 57,Adequate,8000
Relaxo Footwears Limited,Consumer Durables - Footwear,38,50,67,Crisil ESG 53,Adequate,12000
Reliance Industrial Infrastructure Limited,Logistics,27,50,64,Crisil ESG 48,Below Average,2003
Reliance Industries Limited,Refineries and Marketing,37,45,69,Crisil ESG 52,Adequate,250000
Reliance Infrastructure Limited,Power T&D,43,42,68,Crisil ESG 53,Adequate,9000
Reliance Jio Infocomm Limited,Telecommunication - Cellular & Fixed line services,39,37,64,Crisil ESG 49,Below Average,95261
Reliance Power Limited,Power- Thermal (Power Generation),29,44,63,Crisil ESG 46,Below Average,10000
Reliance Retail Ventures Limited,Retailing (Diversified Retail),32,36,52,Crisil ESG 41,Below Average,70000
Religare Enterprises Limited,Investment Company,39,36,55,Crisil ESG 45,Below Average,1000
Religare Enterprises Limited,Investment Company,37,38,50,Crisil ESG 43,Below Average,1000
Renaissance Global Limited,"Consumer Durables - Gems, Jewellery and Watches",41,52,67,Crisil ESG 54,Adequate,500
Repco Home Finance Limited,NBFC,47,61,67,Crisil ESG 59,Adequate,900
Responsive Industries Limited,Plywood Board,24,55,60,Crisil ESG 46,Below Average,1200
Restaurant Brands Asia Limited,Restaurants,29,46,66,Crisil ESG 48,Below Average,5321
RHI Magnesita India Limited,Electrodes & Refractories,38,47,68,Crisil ESG 52,Adequate,2413
Rites Limited,Construction EPC,36,63,55,Crisil ESG 51,Adequate,3000
Rites Limited,Civil Construction ,38,60,58,Crisil ESG 52,Adequate,3000
Rolex Rings Limited,Auto Components & Equipments,31,53,66,Crisil ESG 51,Adequate,600
Rossari Biotech Limited,Specialty Chemicals,32,32,70,Crisil ESG 47,Below Average,1000
Route Mobile Limited,IT – Other telecom services,45,42,69,Crisil ESG 54,Adequate,1290
RPSG Ventures Limited,Business Process Outsourcing (BPO)/ Knowledge Process Outsourcing (KPO),53,55,67,Crisil ESG 59,Adequate,500
Rupa & Company Limited,Textiles,33,58,57,Crisil ESG 49,Below Average,2000
S Chand and Company Limited,Media Entertainment & Publication,24,31,69,Crisil ESG 44,Below Average,839
S H Kelkar And Company Limited,FMCG,41,42,71,Crisil ESG 53,Adequate,600
S. P. Apparels Limited,Textiles,34,45,65,Crisil ESG 49,Below Average,300
S.J.S. Enterprises Limited,Auto Components & Equipments,32,50,69,Crisil ESG 52,Adequate,500
Sadbhav Engineering Limited,Construction EPC,17,25,52,Crisil ESG 33,Weak,1000
Sadbhav Infrastructure Project Limited,Civil Construction,17,26,55,Crisil ESG 34,Weak,800
Safari Industries (India) Limited,Consumer Durables - Plastic Products,38,53,68,Crisil ESG 54,Adequate,1200
Sagar Cements Limited,Cement,39,51,65,Crisil ESG 53,Adequate,2000
Sammaan Capital Limited,NBFC,58,58,69,Crisil ESG 62,Strong,300
Sammaan Finserve Limited,NBFC,46,37,66,Crisil ESG 52,Adequate,
Samvardhana Motherson International Limited,Auto Components & Equipments,46,51,65,Crisil ESG 55,Adequate,30000
Sandhar Technologies Limited,Auto Components & Equipments,40,53,66,Crisil ESG 53,Adequate,1000
Sangam (India) Limited,Textiles,30,58,64,Crisil ESG 50,Below Average,600
Sanofi India Limited,Pharmaceuticals,56,54,69,Crisil ESG 61,Strong,1800
Sansera Engineering Limited,Auto Components & Equipments,44,54,66,Crisil ESG 55,Adequate,800
Sapphire Foods India Limited,Restaurants,39,55,69,Crisil ESG 55,Adequate,1000
Sarda Energy and Minerals Limited,Metals Ferrous (Iron & Steel),20,52,65,Crisil ESG 46,Below Average,1032
Saregama India Limited,Media Entertainment & Publication,48,48,72,Crisil ESG 58,Adequate,1200
Sasken Technologies Limited,IT,64,58,60,Crisil ESG 61,Strong,1500
Satin Creditcare Network Limited,NBFC,58,62,65,Crisil ESG 62,Strong,1000
Savita Oil Technologies Ltd,Lubricants,46,55,64,Crisil ESG 56,Adequate,500
SBI Cards and Payment Services Limited,NBFC,61,63,70,Crisil ESG 65,Strong,2000
SBI Life Insurance Company Limited,Insurance,41,65,65,Crisil ESG 57,Adequate,3000
Schaeffler India Limited,Auto Components & Equipments,54,59,73,Crisil ESG 63,Strong,2000
Schneider Electric Infrastructure Limited,Heavy Electrical Equipment,53,63`,70,Crisil ESG 62,Strong,1000
Seamec Limited,Shipping,29,54,66,Crisil ESG 50,Below Average,400
SEL Manufacturing Company Limited,Textiles,17,29,42,Crisil ESG 30,Weak,500
Sequent Scientific Limited,Pharmaceuticals,31,43,68,Crisil ESG 49,Below Average,2000
Seshasayee Paper and Boards Limited,Paper,40,54,67,Crisil ESG 54,Adequate,400
Shaily Engineering Plastics Limited,Industrial,45,56,66,Crisil ESG 56,Adequate,600
Shalby Limited,Hospital,37,58,68,Crisil ESG 55,Adequate,3500
Shankara Building Products Limited,Speciality Retail,29,42,70,Crisil ESG 49,Below Average,1000
Shanthi Gears Limited,Industrial products,36,56,72,Crisil ESG 55,Adequate,1200
Sharda Cropchem Limited,Pesticides & Agrochemicals,22,46,65,Crisil ESG 45,Below Average,3500
Sharda Motor Industries Limited,Auto Components & Equipments,39,62,70,Crisil ESG 57,Adequate,1000
Sheela Foam Limited,Consumer Durables - Furniture And Home Furnishing,39,51,66,Crisil ESG 53,Adequate,1200
Shilpa Medicare Limited,Pharmaceuticals,25,35,60,Crisil ESG 41,Below Average,800
Shipping Corporation of India Limited,Shipping,27,55,54,Crisil ESG 45,Below Average,6000
Shoppers Stop Limited,Retailing (Diversified Retail),43,59,68,Crisil ESG 57,Adequate,10000
Shree Cement Limited,Cement,49,59,65,Crisil ESG 58,Adequate,6000
Shree Renuka Sugars Limited,Sugar,43,51,56,Crisil ESG 50,Below Average,4000
Shriram Finance Limited,NBFC,55,64,73,Crisil ESG 65,Strong,2000
Shriram Properties Limited,Real Estate,31,49,62,Crisil ESG 48,Below Average,600
Shyam Metalics and Energy Limited,Metals Ferrous (Iron & Steel Products),32,52,64,Crisil ESG 50,Below Average,1500
Siemens Limited,Heavy Electrical Equipment,61,60,62,Crisil ESG 61,Strong,10000
Sikka Ports & Terminals Limited,Port & Port services,14,31,52,Crisil ESG 33,Weak,500
Simplex Infrastructures Limited,Civil Construction,17,27,53,Crisil ESG 34,Weak,1000
SIS Limited,Diversified Commercial Services,40,41,73,Crisil ESG 53,Adequate,1000
Siyaram Silk Mills Limited,Textiles,34,59,63,Crisil ESG 52,Adequate,3000
SJVN Limited,Power generation (Renewables),45,63,51,Crisil ESG 52,Adequate,3500
SKF India Limited,Abrasives & Bearings,50,58,68,Crisil ESG 59,Adequate,800
Small Industries Development Bank of India,Financial Institution,54,45,53,Crisil ESG 51,Adequate,1200
SMFG India Credit Company Limited*,NBFC,48,42,66,Crisil ESG 54,Adequate,
Sobha Limited,Real Estate,30,48,68,Crisil ESG 50,Below Average,1000
Solar Industries India Limited,Chemicals (Explosives),28,40,66,Crisil ESG 46,Below Average,2000
Solara Active Pharma Sciences Limited,Pharmaceuticals,42,57,61,Crisil ESG 53,Adequate,1000
Somany Ceramics Limited,Sanitary ware and Ceramics,43,59,62,Crisil ESG 54,Adequate,1500
Sona BLW Precision Forgings Limited,Auto Components & Equipments,49,62,70,Crisil ESG 60,Adequate,700
Sonata Software Limited,IT,65,68,66,Crisil ESG 66,Strong,4000
Spandana Sphoorty Financial Limited,NBFC,53,61,61,Crisil ESG 58,Adequate,1000
SpiceJet Limited,Airlines,29,45,54,Crisil ESG 43,Below Average,10000
SRF Limited,Specialty Chemicals,32,52,64,Crisil ESG 50,Below Average,5000
Star Cement Limited,Cement,44,43,58,Crisil ESG 50,Below Average,4000
Star Health and Allied Insurance Company Limited,Insurance,40,56,70,Crisil ESG 56,Adequate,2000
State Bank of India,Banks,60,71,67,Crisil ESG 65,Strong,250000
Steel Authority of India Limited,Metals Ferrous (Iron & Steel),30,55,54,Crisil ESG 46,Below Average,80000
Steel Authority of India Limited,Metals - Ferrous,33,61,52,Crisil ESG 47,Below Average,80000
Steel Strips Wheels Limited,Auto Components & Equipments,44,57,67,Crisil ESG 56,Adequate,1000
Sterling And Wilson Renewable Energy Limited,Construction EPC,33,54,63,Crisil ESG 50,Below Average,1500
Sterlite Technologies Limited,Telecommunication - Equipment & Accessories,42,53,62,Crisil ESG 53,Adequate,3000
Stove Kraft Limited,Consumer Durables - Household Appliances,35,51,73,Crisil ESG 54,Adequate,1000
Strides Pharma Science Limited,Pharmaceuticals,51,53,63,Crisil ESG 57,Adequate,2500
Stylam Industries Limited,Plywood Board,29,58,65,Crisil ESG 51,Adequate,800
Styrenix Performance Materials Limited,Specialty Chemicals,38,51,63,Crisil ESG 51,Adequate,600
Subex Limited,IT,46,59,68,Crisil ESG 58,Adequate,1200
Subros Limited,Auto Components & Equipments,48,46,63,Crisil ESG 54,Adequate,600
Sudarshan Chemical Industries Limited,Chemicals (Dyes and Pigments),40,56,69,Crisil ESG 56,Adequate,1000
Sumitomo Chemical India Limited,Pesticides & Agrochemicals,42,41,68,Crisil ESG 52,Adequate,1500
Sun Pharma Advanced Research Co. Limited,Pharmaceuticals,42,53,69,Crisil ESG 56,Adequate,700
Sun Pharmaceutical Industries Limited,Pharmaceuticals,60,57,64,Crisil ESG 61,Strong,20000
Sun TV Network Limited,Media Entertainment & Publication,45,54,65,Crisil ESG 55,Adequate,2500
Sundaram Finance Limited,NBFC,50,56,73,Crisil ESG 61,Strong,1500
Sundaram Home Finance Limited,NBFC,47,40,66,Crisil ESG 53,Adequate,600
Sundram Fasteners Limited,Auto Components & Equipments,44,51,68,Crisil ESG 56,Adequate,3500
Sundrop Brands Limited,FMCG,35,50,65,Crisil ESG 51,Adequate,
Sunflag Iron and Steel Co.Limited,Metals Ferrous (Iron & Steel),28,47,67,Crisil ESG 48,Below Average,2000
Sunteck Realty Limited,Real Estate,36,50,68,Crisil ESG 52,Adequate,1000
Suprajit Engineering Limited,Auto Components & Equipments,28,43,62,Crisil ESG 46,Below Average,1200
Supreme Petrochem Limited,Petrochemicals,39,53,69,Crisil ESG 55,Adequate,800
Supriya Lifescience Limited,Pharmaceuticals,44,57,69,Crisil ESG 57,Adequate,500
Surya Roshni Limited,Metals Linked products (Iron & Steel Products),39,63,65,Crisil ESG 56,Adequate,2000
Suryoday Small Finance Bank Limited,Banks,52,53,76,Crisil ESG 62,Strong,800
Suven Life Sciences Limited,Healthcare & Pharmaceuticals,36,61,61,Crisil ESG 52,Adequate,1000
Suven Pharmaceuticals Limited,Pharmaceuticals,41,58,66,Crisil ESG 56,Adequate,800
Suzlon Energy Limited,Heavy Electrical Equipment,40,52,64,Crisil ESG 53,Adequate,12000
Swan Energy Limited,Diversified,23,19,60,Crisil ESG 37,Weak,500
Swaraj Engines Limited,"Compressors, Pumps & Diesel Engine",43,49,65,Crisil ESG 53,Adequate,3000
Symphony Limited,Consumer Durables - Household Appliances,38,52,70,Crisil ESG 54,Adequate,4500
Syngene International Limited,Healthcare & Pharmaceuticals,53,58,78,Crisil ESG 64,Strong,3000
Syrma SGS Technology Limited,Industrial products,43,51,67,Crisil ESG 54,Adequate,1000
T.V. Today Network Limited,Media Entertainment & Publication,41,57,67,Crisil ESG 56,Adequate,1000
Taj G V K Hotels and Resorts Limited,Hotels,35,49,60,Crisil ESG 48,Below Average,2500
Tamil Nadu Newsprint and Papers Limited,Paper,36,68,65,Crisil ESG 56,Adequate,6000
Tanla Platforms Limited,IT,64,57,69,Crisil ESG 64,Strong,1200
Tarsons Products Limited,Industrial,39,53,64,Crisil ESG 52,Adequate,800
Tata Capital Financial Services Limited,NBFC,49,45,63,Crisil ESG 53,Adequate,1000
Tata Capital Housing Finance Limited,NBFC,46,42,68,Crisil ESG 54,Adequate,700
Tata Capital Limited,Holding company,45,40,70,Crisil ESG 54,Adequate,200
Tata Chemicals Limited,Commodity Chemicals,34,55,74,Crisil ESG 55,Adequate,8000
Tata Communications Limited,Telecommunication - Cellular & Fixed line services,50,60,65,Crisil ESG 58,Adequate,10000
Tata Consultancy Services Limited,Information Technology,77,71,72,Crisil ESG 74,Leadership,500000
Tata Consumer Products Limited,FMCG,44,47,75,Crisil ESG 57,Adequate,10000
Tata Elxsi Limited,Information Technology,59,65,70,Crisil ESG 65,Strong,4000
Tata Housing Development Company Limited,Real Estate,20,21,66,Crisil ESG 39,Weak,900
Tata Investment Corporation Limited,Investment Company,47,53,68,Crisil ESG 57,Adequate,250
Tata Motors Finance Limited,NBFC,45,35,69,Crisil ESG 52,Adequate,1000
Tata Motors Limited,Passenger Cars & Utility Vehicles,53,62,73,Crisil ESG 63,Strong,40000
Tata Power Renewable Energy Limited,"Power Renewable (Solar, Wind)",38,29,61,Crisil ESG 45,Below Average,1000
Tata Projects Limited,Construction EPC,43,55,67,Crisil ESG 55,Adequate,3000
Tata Realty and Infrastructure Limited,Real Estate,31,33,67,Crisil ESG 46,Below Average,1500
Tata Steel Limited,Metals Ferrous (Iron and steel),36,57,69,Crisil ESG 54,Adequate,100000
Tata Teleservices (Maharashtra) Limited,Telecommunication - Cellular & Fixed line services,42,55,64,Crisil ESG 54,Adequate,7000
Tata Teleservices Limited,Telecommunication - Cellular & Fixed line services,29,26,53,Crisil ESG 38,Weak,6000
Tatva Chintan Pharma Chem Limited,Specialty Chemicals,33,51,64,Crisil ESG 50,Below Average,500
TCI Express Limited,Logistics,42,42,68,Crisil ESG 52,Adequate,500
TCNS Clothing Co. Limited,Garments & Apparels,38,56,64,Crisil ESG 53,Adequate,2500
TD Power Systems Limited,Heavy Electrical Equipment,44,57,68,Crisil ESG 57,Adequate,800
TeamLease Services Limited,Diversified Commercial Services,35,43,78,Crisil ESG 54,Adequate,8000
Tech Mahindra Limited,Information Technology,72,74,76,Crisil ESG 74,Leadership,125000
Techno Electric And Engineering Company Limited,Civil Construction ,32,54,60,Crisil ESG 49,Below Average,3000
Technocraft Industries India Limited,Metals Linked products (Iron & Steel Products),31,55,65,Crisil ESG 51,Adequate,1000
Tega Industries Limited,Industrial,32,36,69,Crisil ESG 48,Below Average,1000
Tejas Networks Limited,Telecommunication - Equipment & Accessories,33,56,68,Crisil ESG 53,Adequate,2000
Texmaco Rail & Engineering Limited,Industrial,39,44,63,Crisil ESG 50,Below Average,2500
Thangamayil Jewellery Limited,"Consumer Durables - Gems, Jewellery and Watches",32,59,65,Crisil ESG 52,Adequate,3000
The Andhra Sugars Limited,Commodity Chemicals,17,43,61,Crisil ESG 41,Below Average,1500
The Anup Engineering Limited,Industrial products,41,53,64,Crisil ESG 53,Adequate,400
The Federal Bank Limited,Banks,58,60,73,Crisil ESG 65,Strong,6000
The Great Eastern Shipping Company Limited,Shipping,30,49,71,Crisil ESG 51,Adequate,3000
The India Cements Limited,Cement,36,57,49,Crisil ESG 47,Below Average,5000
The Indian Hotels Company Limited,Hotels,47,47,70,Crisil ESG 56,Adequate,8000
The Indian Hume Pipe Company Limited,Industrial products,37,40,62,Crisil ESG 48,Below Average,700
The Jammu and Kashmir Bank Limited,Banks,57,63,69,Crisil ESG 63,Strong,2000
The Karnataka Bank Limited,Banks,57,62,73,Crisil ESG 65,Strong,2500
The Karur Vysya Bank Limited,Banks,62,62,77,Crisil ESG 68,Strong,3000
The KCP Limited,Cement,26,52,61,Crisil ESG 46,Below Average,600
The New India Assurance Company Limited,Insurance,34,63,60,Crisil ESG 52,Adequate,7000
The New India Assurance Company Limited,Insurance,34,63,54,Crisil ESG 49,Below Average,7000
The Orissa Minerals Development Company Limited,Mining,12,38,59,Crisil ESG 37,Weak,1000
The Phoenix Mills Limited,Real Estate,24,23,68,Crisil ESG 41,Below Average,3000
The Ramco Cements Limited,Cement,47,50,62,Crisil ESG 54,Adequate,4000
The Sandur Manganese And Iron Ores Limited,Mining,31,55,71,Crisil ESG 53,Adequate,1500
The South Indian Bank Limited,Banks,55,59,73,Crisil ESG 63,Strong,2500
The Supreme Industries Limited,Plastic Products – Industrial (Pipes) ,49,47,69,Crisil ESG 57,Adequate,2000
The Tata Power Company Limited,Power Thermal,36,61,71,Crisil ESG 56,Adequate,10000
Themis Medicare Limited,Pharmaceuticals,35,55,61,Crisil ESG 51,Adequate,1000
Thermax Limited,Heavy Electrical Equipment,44,52,71,Crisil ESG 57,Adequate,4000
Thirumalai Chemicals Limited,Commodity Chemicals,38,53,65,Crisil ESG 53,Adequate,1000
Thomas Cook India Limited,"Tour, Travel Related Services",39,58,68,Crisil ESG 55,Adequate,1500
Thyrocare Technologies Limited,Healthcare Service Provider,48,56,63,Crisil ESG 56,Adequate,2500
Time Technoplast Limited,Plastic products- Industrial,33,46,67,Crisil ESG 50,Below Average,500
Timken India Limited,Abrasives & Bearings,45,55,64,Crisil ESG 55,Adequate,1500
Tips Music Limited,Media Entertainment & Publication,41,47,66,Crisil ESG 53,Adequate,200
Titagarh Rail Systems Limited,Industrial,42,55,69,Crisil ESG 56,Adequate,
Titan Company Limited,"Consumer Durables - Gems, Jewellery and Watches",50,63,75,Crisil ESG 63,Strong,35000
TMF Holdings Limited,Holding company,44,33,68,Crisil ESG 51,Adequate,300
Torrent Pharmaceuticals Limited,Pharmaceuticals,51,54,70,Crisil ESG 59,Adequate,6000
Torrent Power Limited,Power T&D,43,61,66,Crisil ESG 57,Adequate,3000
Transport Corporation of India Limited,Logistics,38,41,66,Crisil ESG 50,Below Average,20000
Trent Limited,Speciality Retail,41,62,71,Crisil ESG 58,Adequate,10000
Trident Limited,Textiles,25,51,68,Crisil ESG 49,Below Average,12000
Triveni Engineering and Industries Limited,Sugar,40,51,66,Crisil ESG 53,Adequate,600
Triveni Turbine Limited,Heavy Electrical Equipment,43,56,69,Crisil ESG 57,Adequate,500
TruCap Finance Limited,NBFC,51,41,69,Crisil ESG 56,Adequate,200
Ttk Healthcare Limited,FMCG,46,49,68,Crisil ESG 55,Adequate,1000
TTK Prestige Limited,Consumer Durables - Household Appliances,39,60,69,Crisil ESG 56,Adequate,2500
Tube Investments Of India Limited,Auto Components & Equipments,42,48,69,Crisil ESG 55,Adequate,3500
Tv18 Broadcast Limited,Media Entertainment & Publication,32,25,67,Crisil ESG 44,Below Average,1000
TVS Holdings Limited,Investment Company,46,55,65,Crisil ESG 56,Adequate,300
TVS Motor Company Limited,Auto OEM,52,54,64,Crisil ESG 57,Adequate,15000
TVS Srichakra Limited,Tyre,32,65,63,Crisil ESG 53,Adequate,1000
UCO Bank,Banks,59,61,64,Crisil ESG 62,Strong,9000
Udaipur Cement Works Limited,Cement,33,57,65,Crisil ESG 52,Adequate,500
Uflex Limited,Packaging,28,36,67,Crisil ESG 46,Below Average,2000
Ujjivan Small Finance Bank Limited,Banks,58,56,76,Crisil ESG 65,Strong,800
UltraTech Cement Limited,Cement,46,54,69,Crisil ESG 57,Adequate,10000
Unichem Laboratories Limited,Pharmaceuticals,37,52,63,Crisil ESG 51,Adequate,1500
Union Bank of India,Banks,51,63,71,Crisil ESG 62,Strong,20000
Uniparts India Limited,Auto Components & Equipments,29,48,62,Crisil ESG 47,Below Average,800
United Breweries Limited,FMCG,43,37,67,Crisil ESG 51,Adequate,5000
United Spirits Limited,FMCG,58,49,70,Crisil ESG 61,Strong,2000
Uno Minda Limited,Auto Components & Equipments,40,53,62,Crisil ESG 52,Adequate,1000
UPL Limited,Pesticides & Agrochemicals,47,57,70,Crisil ESG 59,Adequate,10000
Usha Martin Limited,Metals Linked products (Iron & Steel Products),30,52,69,Crisil ESG 51,Adequate,2000
UTI Asset Management Company Limited,Financial Services (Capital Market),59,61,74,Crisil ESG 65,Strong,1000
V Mart Retail Limited,Retailing (Diversified Retail),50,58,76,Crisil ESG 62,Strong,2500
V.S.T. Tillers Tractors Limited,Auto OEM,44,55,67,Crisil ESG 56,Adequate,1200
VA Tech Wabag Limited,Water and Waste Management,30,52,64,Crisil ESG 49,Below Average,3000
Vaibhav Global Limited,"Consumer Durables - gems, jewellery and watches",39,42,67,Crisil ESG 51,Adequate,4000
Vakrangee Limited,IT,51,57,68,Crisil ESG 59,Adequate,1500
Valiant Organics Limited,Specialty Chemicals,33,43,59,Crisil ESG 46,Below Average,300
Valor Estate Limited,Real Estate,30,42,59,Crisil ESG 45,Below Average,200
Vardhman Special Steels Limited,Metals Ferrous (Iron & Steel products),37,54,65,Crisil ESG 53,Adequate,7000
Vardhman Textiles Limited,Textiles,34,55,62,Crisil ESG 51,Adequate,10000
Varroc Engineering Limited,Auto Components & Equipments,33,46,62,Crisil ESG 48,Below Average,8000
Varun Beverages Limited,FMCG,42,46,71,Crisil ESG 55,Adequate,5000
Vedant Fashions Limited,Speciality Retail,43,59,68,Crisil ESG 57,Adequate,1000
Vedanta Limited,Metals - Non-Ferrous,41,47,61,Crisil ESG 51,Adequate,120000
Veedol Corporation Limited,Lubricants,43,48,64,Crisil ESG 53,Adequate,500
Venkys India Limited,FMCG,41,54,60,Crisil ESG 52,Adequate,2500
Vesuvius India Limited,Electrodes & Refractories,44,55,67,Crisil ESG 56,Adequate,1500
V-Guard Industries Limited,Consumer Durables - Household Appliances,40,60,73,Crisil ESG 58,Adequate,3000
Vijaya Diagnostic Centre Limited,Healthcare Service Provider,34,57,66,Crisil ESG 53,Adequate,500
Vimta Laboratories Limited,Healthcare & Pharmaceuticals,20,35,64,Crisil ESG 41,Below Average,800
Vinati Organics Limited,Specialty Chemicals,40,53,70,Crisil ESG 55,Adequate,1000
Vindhya Telelinks Limited,Telecommunication - Infrastructure,45,59,64,Crisil ESG 56,Adequate,500
VIP Industries Limited,Consumer Durables - Plastic Products,36,46,71,Crisil ESG 52,Adequate,2000
Vodafone Idea Limited,Telecommunication - Cellular & Fixed line services,51,61,50,Crisil ESG 53,Adequate,25000
Voltamp Transformers Limited,Industrials,48,53,65,Crisil ESG 56,Adequate,600
Voltas Limited,Consumer Durables - Household Appliances,47,57,69,Crisil ESG 58,Adequate,8000
VRL Logistics Limited,Logistics,37,43,67,Crisil ESG 51,Adequate,25000
VST Industries Limited,FMCG,51,31,69,Crisil ESG 53,Adequate,3000
Walwhan Renewable Energy Limited,"Power Renewable (Solar, Wind)",38,28,51,Crisil ESG 41,Below Average,300
Welspun Corp Limited,Metals Ferrous (Iron & Steel products),26,45,71,Crisil ESG 49,Below Average,4000
Welspun Enterprises Limited,Construction EPC,33,59,74,Crisil ESG 56,Adequate,3000
Welspun Living Limited,Textiles,42,59,72,Crisil ESG 58,Adequate,1000
Wendt India Limited,Abrasives & Bearings,37,58,73,Crisil ESG 57,Adequate,900
West Coast Paper Mills Limited,Paper,42,52,61,Crisil ESG 52,Adequate,1200
Westlife Foodworld Limited,Restaurants,43,61,73,Crisil ESG 59,Adequate,800
Wheels India Limited,Auto Components & Equipments,39,60,68,Crisil ESG 56,Adequate,1000
Whirlpool of India Limited,Consumer Durables - Household Appliances,42,60,70,Crisil ESG 58,Adequate,5000
Wipro Limited,Information Technology,71,67,74,Crisil ESG 71,Leadership,220000
Wockhardt Limited,Pharmaceuticals,44,57,67,Crisil ESG 56,Adequate,4000
Wonderla Holidays Limited,Hotels,38,55,72,Crisil ESG 56,Adequate,1500
Wpil Limited,Industrial Products,35,49,70,Crisil ESG 52,Adequate,700
YES Bank Limited,Banks,66,58,70,Crisil ESG 66,Strong,8000
Zee Entertainment Enterprises Limited,Media Entertainment & Publication,45,51,58,Crisil ESG 52,Adequate,5000
Zensar Technologies Limited,Information Technology,68,65,71,Crisil ESG 69,Strong,2000
ZF Commercial Vehicle Control Systems India Limited,Auto Components & Equipments,54,69,64,Crisil ESG 62,Strong,5000
Zomato Limited,E-Retail/ E-Commerce,55,43,75,Crisil ESG 60,Adequate,6000
Zydus Lifesciences Limited,Pharmaceuticals,52,51,69,Crisil ESG 59,Adequate,2000
Zydus Wellness Limited,FMCG,47,58,70,Crisil ESG 59,Adequate,2324
